{
  "id": 0,
  "name": "Ares",
  "element": "fire",
  "stats": {
    "resolve": 37,
    "improvisation": 67,
    "empathy": 37,
    "hoarding": 35,
    "faith": 34,
    "paranoia": 28
  },
  "skills": {
    "terraforming": 72,
    "hydroponics": 16,
    "mediation": 53,
    "coding": 57,
    "prayer": 67,
    "sabotage": 44
  },
  "alive": false,
  "year_born": 0,
  "year_died": 92,
  "cause_of_death": "asphyxiation",
  "relationships": {
    "1": 18.529104878929484,
    "2": 20.405041989183935,
    "3": -30.605225518662145,
    "4": 67.2314329944436,
    "5": -12.172566188864778,
    "6": 9.762420657095436,
    "7": 85.8988916844656,
    "8": 0.5066818640063406,
    "9": 89.8183355987193,
    "10": -9.059765967093513,
    "11": 7.5253994777101685,
    "12": 99.95432001004525,
    "13": -18.9658034546198,
    "14": 29.78337347065945,
    "15": 53.08224993031463,
    "16": 63.76857538278801,
    "17": -53.53947693502016,
    "18": 21.675328566004232,
    "19": 3.81542228688887,
    "20": -15.024884784545133,
    "21": -5.204556877648667,
    "22": 47.686968488727246,
    "23": 52.69236804092212,
    "24": 84.19350640851154,
    "25": 19.55549735385283,
    "26": 71.89399269704454,
    "27": 30.273101845964284,
    "28": 9.431013095654727,
    "29": 20.473095140909283,
    "30": 14.456904558199366,
    "31": 23.414544397247397,
    "32": 6.495812977760048,
    "33": 9.047488269597444,
    "34": 1.9001921845529024
  },
  "sub_sims_run": 18,
  "governance_votes": [],
  "diary": []
}