{
  "id": 1,
  "name": "Lyra",
  "element": "air",
  "stats": {
    "resolve": 22,
    "improvisation": 57,
    "empathy": 25,
    "hoarding": 45,
    "faith": 34,
    "paranoia": 52
  },
  "skills": {
    "terraforming": 48,
    "hydroponics": 11,
    "mediation": 45,
    "coding": 37,
    "prayer": 55,
    "sabotage": 51
  },
  "alive": false,
  "year_born": 0,
  "year_died": 85,
  "cause_of_death": "asphyxiation",
  "relationships": {
    "0": 24.393086599619114,
    "2": 100,
    "3": 11.799425391749423,
    "4": -24.303297473902365,
    "5": -5.4668614283624795,
    "6": 93.4065684150762,
    "7": 40.65791727201988,
    "8": -7.68422312660649,
    "9": -33.2494434293072,
    "10": -20.885736304863595,
    "11": 4.418871401762335,
    "12": 39.847463167150515,
    "13": 12.566785428025266,
    "14": 31.931062841298033,
    "15": 94.61076830366521,
    "16": -0.9993664955695745,
    "17": 48.93053524806326,
    "18": 17.908799151224397,
    "19": 57.38696663650153,
    "20": 7.959979880824151,
    "21": -27.45505119994851,
    "22": 31.23313089536603,
    "23": -24.692373766374196,
    "24": 6.969676482327046,
    "25": 37.50477598874797,
    "26": 27.105579384975282,
    "27": -22.066046916683696,
    "28": -1.7958112113305411,
    "29": 29.280018116267414,
    "30": 13.6416210525346,
    "31": 38.835342207588106,
    "32": 16.971830825429883,
    "33": 25.949483357363874,
    "34": 15.251014545277588
  },
  "sub_sims_run": 17,
  "governance_votes": [],
  "diary": []
}