{
  "id": "child-10",
  "name": "Haze Cliff",
  "element": "earth",
  "archetype": "child",
  "birth_year": 28,
  "death_year": 29,
  "death_cause": "resource deprivation",
  "final_mood": {
    "joy": 0.5695702466043233,
    "grief": 0.11738604403789978,
    "fear": 0.20933045018737087,
    "anger": 0.13898019559112054,
    "hope": 0.5486748354053164,
    "despair": 0.10749969468129866
  },
  "final_stats": {
    "resolve": 0.607126737577187,
    "improvisation": 0.44523420169664757,
    "empathy": 0.39337164774119643,
    "hoarding": 0.37577416945133096,
    "faith": 0.6871480088818032,
    "paranoia": 0.49890456309435827
  },
  "memories": [
    {
      "year": 29,
      "event": "Unknown pathogen spreads through the water system.",
      "valence": -0.5047995775257577
    },
    {
      "year": 29,
      "event": "Double shadow: Phobos and Deimos transit simultaneously.",
      "valence": 0.015919902394763607
    }
  ]
}