{
  "id": "child-10",
  "name": "Haze Cliff",
  "element": "earth",
  "archetype": "child",
  "stats": {
    "resolve": 0.607126737577187,
    "improvisation": 0.44523420169664757,
    "empathy": 0.39337164774119643,
    "hoarding": 0.37577416945133096,
    "faith": 0.6871480088818032,
    "paranoia": 0.49890456309435827
  },
  "skills": {
    "terraforming": 0.04383097359589142,
    "hydroponics": 0.036797612122003415,
    "mediation": 0.027279433834631883,
    "coding": 0.035294774646475256,
    "prayer": 0.049186896597657855,
    "sabotage": 0.070247077982149
  },
  "decision_expr": "(+ (* improvisation coding) (/ terraforming 2))",
  "alive": false,
  "exiled": false,
  "birth_year": 28,
  "subsim_count": 0,
  "governance_votes": 0,
  "memories": [
    {
      "year": 29,
      "event": "Unknown pathogen spreads through the water system.",
      "valence": -0.5047995775257577
    },
    {
      "year": 29,
      "event": "Double shadow: Phobos and Deimos transit simultaneously.",
      "valence": 0.015919902394763607
    }
  ],
  "mood": {
    "joy": 0.5695702466043233,
    "grief": 0.11738604403789978,
    "fear": 0.20933045018737087,
    "anger": 0.13898019559112054,
    "hope": 0.5486748354053164,
    "despair": 0.10749969468129866
  },
  "death_year": 29,
  "death_cause": "resource deprivation"
}