{
  "id": 10,
  "name": "Selene-1",
  "element": "earth",
  "stats": {
    "resolve": 74,
    "improvisation": 30,
    "empathy": 32,
    "hoarding": 54,
    "faith": 22,
    "paranoia": 37
  },
  "skills": {
    "terraforming": 48,
    "hydroponics": 23,
    "mediation": 74,
    "coding": 22,
    "prayer": 46,
    "sabotage": 13
  },
  "alive": true,
  "year_born": 1,
  "year_died": null,
  "cause_of_death": null,
  "relationships": {
    "0": 29.02273983305409,
    "1": 21.005297222359076,
    "2": 37.080899774087335,
    "3": 96.68354558270907,
    "4": -53.62902614303294,
    "5": 99.40861251334415,
    "6": 12.237894936966065,
    "7": 69.64289999428384,
    "8": 10.51478047196752,
    "9": 32.771425249364384,
    "11": 98.36884085493216,
    "12": 20.09403787396689,
    "13": 100,
    "14": 25.839971003507397,
    "15": -1.3918434148117484,
    "16": 43.98516221107587,
    "17": 51.6205682751495,
    "18": 47.30814641536349,
    "19": 33.55806073263772,
    "20": -17.968961345059167,
    "21": 26.024072247810892,
    "22": 76.14360903992166,
    "23": 3.0689825397771755,
    "24": 46.352158881053114,
    "25": 28.43499254992436,
    "26": -1.4157181738714564,
    "27": 40.83257128061629,
    "28": 22.25733617544642,
    "29": 20.88160191014135,
    "30": 15.46477136593878,
    "31": 18.236999209366495,
    "32": 33.1240067949178,
    "33": -5.553748405415911,
    "34": 55.95509695521631,
    "35": 0.18721305268548827,
    "36": 14.576682458709264,
    "37": 27.180990591543697,
    "38": 9.126950814295173
  },
  "sub_sims_run": 0,
  "governance_votes": [],
  "diary": []
}