{
  "id": 11,
  "name": "Orion-12",
  "element": "earth",
  "stats": {
    "resolve": 55,
    "improvisation": 35,
    "empathy": 23,
    "hoarding": 61,
    "faith": 20,
    "paranoia": 54
  },
  "skills": {
    "terraforming": 69,
    "hydroponics": 56,
    "mediation": 32,
    "coding": 67,
    "prayer": 42,
    "sabotage": 69
  },
  "alive": true,
  "year_born": 12,
  "year_died": null,
  "cause_of_death": null,
  "relationships": {
    "0": 13.20850697177574,
    "1": 70.05355691900017,
    "2": -10.19725970250457,
    "3": 85.46201933322371,
    "4": -7.016937217264338,
    "5": 74.42132775351267,
    "6": 6.377255248161275,
    "7": 75.84716801867516,
    "8": 9.495764292458887,
    "9": 36.440310799682734,
    "10": 74.14632519576737,
    "12": 45.769216595828446,
    "13": 98.86491095061324,
    "14": 23.215496835418435,
    "15": -14.65058622541765,
    "16": 8.420919994564741,
    "17": 62.15557624190148,
    "18": 36.23967489209814,
    "19": 37.02756913532701,
    "20": 6.563630998141017,
    "21": 30.331084262907158,
    "22": 100,
    "23": 67.09409934690538,
    "24": 33.43618893183876,
    "25": 51.168890247125375,
    "26": 5.060106469803215,
    "27": 2.8170078228611084,
    "28": 8.481524463388117,
    "29": 5.1475651551363315,
    "30": 30.827423398290833,
    "31": 6.223027000455539,
    "32": 24.616923303449823,
    "33": 9.378165956662201,
    "34": 58.697550301589196,
    "35": 17.012027959811224,
    "36": 9.611730608949012,
    "37": 32.32947216064172,
    "38": 8.48270814432762
  },
  "sub_sims_run": 0,
  "governance_votes": [],
  "diary": []
}