{
  "id": 12,
  "name": "Astra-14",
  "element": "fire",
  "stats": {
    "resolve": 56,
    "improvisation": 43,
    "empathy": 42,
    "hoarding": 87,
    "faith": 61,
    "paranoia": 52
  },
  "skills": {
    "terraforming": 28,
    "hydroponics": 35,
    "mediation": 58,
    "coding": 51,
    "prayer": 40,
    "sabotage": 27
  },
  "alive": true,
  "year_born": 14,
  "year_died": null,
  "cause_of_death": null,
  "relationships": {
    "0": 88.41665325099794,
    "1": 67.43181772897887,
    "2": -15.78337048735522,
    "3": 48.99789747428241,
    "4": 98.80552565248944,
    "5": 28.082325196983604,
    "6": -13.909543785426987,
    "7": 57.72096531282805,
    "8": -18.311786922522934,
    "9": 91.00342363687066,
    "10": -24.531563518210234,
    "11": 14.948612576480707,
    "13": -2.7796380408220047,
    "14": 34.05257852883527,
    "15": 26.602961648662337,
    "16": 97.44041296104547,
    "17": -2.0124920248600717,
    "18": -11.571957576289787,
    "19": 3.1204546278092735,
    "20": -12.219580758027346,
    "21": -8.77889015291518,
    "22": 1.9292648462821642,
    "23": 25.11404327064807,
    "24": 38.61272266971034,
    "25": -23.27545253751878,
    "26": 51.539155619082614,
    "27": 75.71758418279268,
    "28": 37.72699755222008,
    "29": 15.061222629643506,
    "30": 44.833076375337974,
    "31": -6.5377942544010565,
    "32": 20.681026299505966,
    "33": 44.01508650254318,
    "34": 32.047076246021184,
    "35": 13.897659573301082,
    "36": 21.002353178004046,
    "37": 27.381241167759054,
    "38": 0.5754907189351087
  },
  "sub_sims_run": 84,
  "governance_votes": [],
  "diary": []
}