{
  "id": 13,
  "name": "Ares-18",
  "element": "earth",
  "stats": {
    "resolve": 51,
    "improvisation": 48,
    "empathy": 26,
    "hoarding": 54,
    "faith": 48,
    "paranoia": 70
  },
  "skills": {
    "terraforming": 32,
    "hydroponics": 55,
    "mediation": 42,
    "coding": 55,
    "prayer": 63,
    "sabotage": 70
  },
  "alive": true,
  "year_born": 18,
  "year_died": null,
  "cause_of_death": null,
  "relationships": {
    "0": 24.265587179380866,
    "1": 20.450758687525497,
    "2": 63.59781436472817,
    "3": 99.68814704347753,
    "4": 37.07140028416552,
    "5": 100,
    "6": 25.35930703460027,
    "7": 26.00180007508726,
    "8": -5.73940187950306,
    "9": 13.640945478500583,
    "10": 96.15465003051763,
    "11": 95.43463950751953,
    "12": 40.27625231119085,
    "14": 10.2059004455528,
    "15": 26.729383186643066,
    "16": 50.864012032206,
    "17": 37.80622910184778,
    "18": 99.71754150730442,
    "19": 11.15131849473179,
    "20": 30.218316748202636,
    "21": 25.684267979601568,
    "22": 52.49945213079772,
    "23": 31.195426849013877,
    "24": 9.070732934942862,
    "25": 36.700671140199724,
    "26": 13.0774692072489,
    "27": 39.81020568178294,
    "28": 41.31916443863693,
    "29": 26.492438792748523,
    "30": 38.72682895896091,
    "31": -6.069544998140936,
    "32": 30.042671830644217,
    "33": 9.195630953353072,
    "34": 22.295997137488868,
    "35": 30.575431077888165,
    "36": 23.086232450574293,
    "37": 29.863390808385894,
    "38": 7.482226689424927
  },
  "sub_sims_run": 81,
  "governance_votes": [],
  "diary": []
}