{
  "id": 14,
  "name": "Vulcan-23",
  "element": "water",
  "stats": {
    "resolve": 79,
    "improvisation": 60,
    "empathy": 70,
    "hoarding": 41,
    "faith": 26,
    "paranoia": 74
  },
  "skills": {
    "terraforming": 68,
    "hydroponics": 57,
    "mediation": 29,
    "coding": 47,
    "prayer": 57,
    "sabotage": 65
  },
  "alive": true,
  "year_born": 23,
  "year_died": null,
  "cause_of_death": null,
  "relationships": {
    "0": 8.189360972335514,
    "1": 14.328362521848506,
    "2": 12.172666039704382,
    "3": 0.1284256907310133,
    "4": 20.74963602912071,
    "5": 39.662419294553345,
    "6": 11.489844175155076,
    "7": 19.059707904622375,
    "8": 53.07782202685163,
    "9": -39.34470143267768,
    "10": 34.24487842519713,
    "11": 46.97343897627918,
    "12": 43.601757444385974,
    "13": 0.5781718032868003,
    "15": -2.0610623164876967,
    "16": 13.8072675380989,
    "17": 100,
    "18": -0.9805579614560961,
    "19": -16.09917937349325,
    "20": 88.16761535584031,
    "21": 58.1263912841054,
    "22": 24.951422145076958,
    "23": 59.678262469661554,
    "24": 71.50462188941299,
    "25": -34.63965722129199,
    "26": 60.56868460313015,
    "27": 21.188166691524103,
    "28": 50.208299661249484,
    "29": 45.34625347546838,
    "30": 90.23564083176788,
    "31": 69.2872973803693,
    "32": 7.46784630391526,
    "33": 49.69296932875458,
    "34": -2.6634779206503496,
    "35": 30.36947175374463,
    "36": 25.881660818753677,
    "37": 15.518791669328946,
    "38": 24.258241680272064
  },
  "sub_sims_run": 76,
  "governance_votes": [],
  "diary": []
}