{
  "id": 15,
  "name": "Juno-26",
  "element": "air",
  "stats": {
    "resolve": 31,
    "improvisation": 51,
    "empathy": 28,
    "hoarding": 68,
    "faith": 26,
    "paranoia": 64
  },
  "skills": {
    "terraforming": 21,
    "hydroponics": 28,
    "mediation": 36,
    "coding": 45,
    "prayer": 63,
    "sabotage": 41
  },
  "alive": false,
  "year_born": 26,
  "year_died": 89,
  "cause_of_death": "asphyxiation",
  "relationships": {
    "0": 8.199479549229444,
    "1": 99.62148337857087,
    "2": 43.028182274351856,
    "3": 9.420725470676631,
    "4": 83.97019751184352,
    "5": 20.64351489310645,
    "6": 98.22485898333647,
    "7": -19.035324754432267,
    "8": 69.9737161737994,
    "9": -16.03336556714723,
    "10": 27.68842150182328,
    "11": 61.38788443928908,
    "12": 25.297382903312098,
    "13": -18.88142181137593,
    "14": 38.41664764345014,
    "16": -12.013166667899,
    "17": 1.393160169606999,
    "18": -15.235361788142445,
    "19": 66.43459780928714,
    "20": -12.705920077333989,
    "21": 16.561173793362684,
    "22": 18.24253104518048,
    "23": 7.478647643970211,
    "24": -19.200325775224346,
    "25": 54.57029191828322,
    "26": 20.043875068695527,
    "27": -6.575258168714026,
    "28": 27.409476668092875,
    "29": 19.292874019025078,
    "30": 7.516265213374064,
    "31": 16.94054348978054,
    "32": 7.664374515132959,
    "33": 4.422762521151883,
    "34": 26.244236004463303
  },
  "sub_sims_run": 63,
  "governance_votes": [],
  "diary": []
}