{
  "id": 16,
  "name": "Juno-28",
  "element": "fire",
  "stats": {
    "resolve": 67,
    "improvisation": 63,
    "empathy": 61,
    "hoarding": 64,
    "faith": 35,
    "paranoia": 20
  },
  "skills": {
    "terraforming": 27,
    "hydroponics": 23,
    "mediation": 63,
    "coding": 24,
    "prayer": 24,
    "sabotage": 38
  },
  "alive": true,
  "year_born": 28,
  "year_died": null,
  "cause_of_death": null,
  "relationships": {
    "0": 87.42119444685093,
    "1": 15.288407608881958,
    "2": -23.72037837436427,
    "3": -10.057499747364787,
    "4": 88.85774503587629,
    "5": 28.504548067136938,
    "6": 48.6945298134369,
    "7": 87.46146621960607,
    "8": 51.42410246968745,
    "9": 100,
    "10": 48.22108369789907,
    "11": 16.40043800087531,
    "12": 59.511992789251074,
    "13": 13.758873606306352,
    "14": 50.06778370029313,
    "15": 37.81215121521713,
    "17": -28.47774697979857,
    "18": 17.279739511042603,
    "19": 26.780943824128343,
    "20": -5.309827067856393,
    "21": -9.335878052266395,
    "22": 10.375417707616542,
    "23": 19.608051484934794,
    "24": 97.39439743749334,
    "25": 22.228285320167387,
    "26": 6.4874697724606,
    "27": 31.873253341746555,
    "28": 41.97930461398248,
    "29": 36.47649871797069,
    "30": 26.507158773697782,
    "31": -9.300405924122279,
    "32": 59.15010187354658,
    "33": 1.9609636581378247,
    "34": 24.29575435654548,
    "35": 30.068927674296372,
    "36": 24.198618181266703,
    "37": 36.66147525918598,
    "38": 15.838909485361281
  },
  "sub_sims_run": 71,
  "governance_votes": [],
  "diary": []
}