{
  "id": 17,
  "name": "Cosmo-29",
  "element": "water",
  "stats": {
    "resolve": 46,
    "improvisation": 80,
    "empathy": 37,
    "hoarding": 53,
    "faith": 39,
    "paranoia": 44
  },
  "skills": {
    "terraforming": 35,
    "hydroponics": 51,
    "mediation": 31,
    "coding": 60,
    "prayer": 66,
    "sabotage": 51
  },
  "alive": false,
  "year_born": 29,
  "year_died": 97,
  "cause_of_death": "asphyxiation",
  "relationships": {
    "0": 28.413693529439886,
    "1": 44.06635274761871,
    "2": 36.62451287109323,
    "3": -7.518036007005842,
    "4": 74.54166895830447,
    "5": -35.169232760328086,
    "6": -6.963644096572637,
    "7": -11.992889429657549,
    "8": 100,
    "9": -26.42892980925588,
    "10": 45.106718979768985,
    "11": -7.265949386151631,
    "12": -25.910699970624115,
    "13": -5.239467571585836,
    "14": 60.96358238164351,
    "15": -6.148110648659316,
    "16": 37.985656941733836,
    "18": 1.705695315389523,
    "19": 41.30125045494017,
    "20": 62.595106460027004,
    "21": 74.16515948786895,
    "22": 24.957266338750465,
    "23": 92.17474847183416,
    "24": 7.773314269902731,
    "25": 32.84489199184529,
    "26": 85.74735131878634,
    "27": -5.152259103027562,
    "28": 32.73214048327716,
    "29": 24.283153641326802,
    "30": 42.29332418994623,
    "31": 60.091206965528386,
    "32": 11.58393189086683,
    "33": 50.19809589569902,
    "34": 18.39991569964993,
    "35": 9.830290246662571,
    "36": 31.107322749296145,
    "37": 22.750167124142944
  },
  "sub_sims_run": 68,
  "governance_votes": [],
  "diary": []
}