{
  "id": 18,
  "name": "Lyra-30",
  "element": "earth",
  "stats": {
    "resolve": 40,
    "improvisation": 78,
    "empathy": 79,
    "hoarding": 43,
    "faith": 74,
    "paranoia": 22
  },
  "skills": {
    "terraforming": 36,
    "hydroponics": 11,
    "mediation": 61,
    "coding": 61,
    "prayer": 49,
    "sabotage": 55
  },
  "alive": false,
  "year_born": 30,
  "year_died": 94,
  "cause_of_death": "asphyxiation",
  "relationships": {
    "0": 16.433198515763607,
    "1": 22.677955216761077,
    "2": 7.182323835760935,
    "3": 93.4727305275134,
    "4": 17.267182299849793,
    "5": 76.50572026534424,
    "6": 28.312611512089106,
    "7": 57.57719999796021,
    "8": 68.08095814262781,
    "9": 25.420276021670187,
    "10": 45.76855505310324,
    "11": 67.23070552132394,
    "12": 6.318156638754262,
    "13": 100,
    "14": 75.2052522897105,
    "15": -1.2575284974234464,
    "16": 55.52502881774556,
    "17": 2.6705074810832814,
    "19": 1.3540976553587845,
    "20": 43.14842847568651,
    "21": -12.207098076919598,
    "22": 71.89473235430916,
    "23": 57.583569456032215,
    "24": 0.44483287945841127,
    "25": 15.983790017976286,
    "26": 2.706864528458982,
    "27": 19.792135288233457,
    "28": 4.220629829312556,
    "29": -5.2005019422914005,
    "30": -10.656105646964619,
    "31": 27.89249964095945,
    "32": 9.651337420440179,
    "33": 20.355042927519616,
    "34": 14.151504118985073
  },
  "sub_sims_run": 64,
  "governance_votes": [],
  "diary": []
}