{
  "id": "child-18",
  "name": "Opal Creek",
  "element": "earth",
  "archetype": "child",
  "stats": {
    "resolve": 0.3368613782811702,
    "improvisation": 0.461451890471192,
    "empathy": 0.7896879489840363,
    "hoarding": 0.4425453300906809,
    "faith": 0.3588730187116573,
    "paranoia": 0.0
  },
  "skills": {
    "terraforming": 0.08900862922530231,
    "hydroponics": 0.05263482663827101,
    "mediation": 0.08035649779814358,
    "coding": 0.08225760564541473,
    "prayer": 0.03620210642713942,
    "sabotage": 0.06380564324228075
  },
  "decision_expr": "(+ (* empathy mediation) (* resolve 0.5))",
  "alive": true,
  "exiled": false,
  "birth_year": 99,
  "subsim_count": 0,
  "governance_votes": 0,
  "memories": [
    {
      "year": 100,
      "event": "Electronics damaged by electromagnetic pulse from solar event.",
      "valence": -0.8583049501311744
    },
    {
      "year": 100,
      "event": "Regolith dust causes chronic respiratory inflammation.",
      "valence": -0.7874240873771821
    },
    {
      "year": 100,
      "event": "Underground cavern with stable temperature discovered.",
      "valence": 0.05827651492545154
    }
  ],
  "mood": {
    "joy": 0.6056596330041418,
    "grief": 0.11835478965317132,
    "fear": 0.3910377899833426,
    "anger": 0.18838199096037087,
    "hope": 0.6105933613868316,
    "despair": 0.11900040534778089
  }
}