{
  "id": 19,
  "name": "Juno-33",
  "element": "air",
  "stats": {
    "resolve": 69,
    "improvisation": 79,
    "empathy": 68,
    "hoarding": 26,
    "faith": 67,
    "paranoia": 55
  },
  "skills": {
    "terraforming": 17,
    "hydroponics": 24,
    "mediation": 41,
    "coding": 72,
    "prayer": 55,
    "sabotage": 37
  },
  "alive": true,
  "year_born": 33,
  "year_died": null,
  "cause_of_death": null,
  "relationships": {
    "0": 21.012681990873467,
    "1": 100,
    "2": 81.20623761553833,
    "3": 38.04489499129664,
    "4": 8.141121982817376,
    "5": -4.489368407799739,
    "6": 68.86520451749546,
    "7": 53.83648267984981,
    "8": 46.05410749834233,
    "9": 46.402794411433455,
    "10": 15.4631807647749,
    "11": -3.613003975222619,
    "12": -1.6021536798566136,
    "13": 25.797378883422336,
    "14": 25.44807878901989,
    "15": 69.10866515193985,
    "16": 24.263698157085905,
    "17": 43.16545216973935,
    "18": 21.02483495365588,
    "20": -22.62602223685188,
    "21": 47.71715028020652,
    "22": 37.13803755979233,
    "23": 36.26184704081619,
    "24": 59.66739957840534,
    "25": 83.1331883901736,
    "26": 4.542934546251965,
    "27": 15.81482351712384,
    "28": -17.11266239927182,
    "29": 37.53079631797351,
    "30": -12.30331427431708,
    "31": 11.092873600055933,
    "32": 43.46897470670258,
    "33": 3.503837184086116,
    "34": 14.906225770068424,
    "35": 29.665211739688623,
    "36": 27.693613479353104,
    "37": 32.04461687840136,
    "38": 15.711301501133297
  },
  "sub_sims_run": 67,
  "governance_votes": [],
  "diary": []
}