{
  "id": "child-19",
  "name": "Ripple Tide",
  "element": "fire",
  "archetype": "child",
  "stats": {
    "resolve": 0.030940561555348578,
    "improvisation": 0.6012444800343277,
    "empathy": 0.9358220528542031,
    "hoarding": 0.3251555903797151,
    "faith": 0.6122544399252476,
    "paranoia": 0.3435446847813751
  },
  "skills": {
    "terraforming": 0.049450328162782026,
    "hydroponics": 0.0617626037584018,
    "mediation": 0.044691108418947766,
    "coding": 0.04131169399161758,
    "prayer": 0.056521209088749004,
    "sabotage": 0.07100408869503642
  },
  "decision_expr": "(* faith (if (> empathy 0.5) (+ empathy resolve) paranoia))",
  "alive": true,
  "exiled": false,
  "birth_year": 100,
  "subsim_count": 0,
  "governance_votes": 0,
  "memories": [],
  "mood": {
    "joy": 0.4,
    "grief": 0.1,
    "fear": 0.2,
    "anger": 0.1,
    "hope": 0.5,
    "despair": 0.1
  }
}