{
  "id": 2,
  "name": "Phobos",
  "element": "air",
  "stats": {
    "resolve": 34,
    "improvisation": 48,
    "empathy": 57,
    "hoarding": 49,
    "faith": 71,
    "paranoia": 75
  },
  "skills": {
    "terraforming": 10,
    "hydroponics": 58,
    "mediation": 61,
    "coding": 35,
    "prayer": 54,
    "sabotage": 37
  },
  "alive": false,
  "year_born": 0,
  "year_died": 91,
  "cause_of_death": "asphyxiation",
  "relationships": {
    "0": -24.475977985663015,
    "1": 100,
    "3": 0.6374350753372475,
    "4": 1.5153421702952472,
    "5": 16.5019247248571,
    "6": 50.85188376539251,
    "7": -33.31772215061663,
    "8": 4.811542815425865,
    "9": -26.994282572104964,
    "10": 53.874602245117956,
    "11": 43.493862725467984,
    "12": 1.921982460512082,
    "13": -19.606046701710554,
    "14": 17.993377386483075,
    "15": 66.40659522989017,
    "16": 26.773991237400114,
    "17": 40.8019875184415,
    "18": -1.1069810786185863,
    "19": 85.19270529072574,
    "20": 28.97499075709666,
    "21": 27.26205696216041,
    "22": 16.747309580943167,
    "23": 5.795230550114278,
    "24": 20.67188571940234,
    "25": 52.982711206890635,
    "26": 14.395586826543532,
    "27": 22.85711797315436,
    "28": 23.646873093506724,
    "29": 40.69193177014244,
    "30": 23.735749483005726,
    "31": -15.092644415028872,
    "32": 24.147919048986473,
    "33": 16.682970883816235,
    "34": 32.723013715488776
  },
  "sub_sims_run": 19,
  "governance_votes": [],
  "diary": []
}