{
  "id": "child-20",
  "name": "Echo Vale",
  "element": "fire",
  "archetype": "child",
  "stats": {
    "resolve": 0.6748375951184765,
    "improvisation": 0.6679365876075457,
    "empathy": 0.6560228831235639,
    "hoarding": 0.7063703806582566,
    "faith": 0.5930121629476526,
    "paranoia": 0.011357412455650917
  },
  "skills": {
    "terraforming": 0.0286968854663492,
    "hydroponics": 0.062346644391212104,
    "mediation": 0.07667405159242519,
    "coding": 0.08531816677931156,
    "prayer": 0.043833578582567485,
    "sabotage": 0.034148899571584804
  },
  "decision_expr": "(* faith (if (> empathy 0.5) (+ empathy resolve) paranoia))",
  "alive": true,
  "exiled": false,
  "birth_year": 100,
  "subsim_count": 0,
  "governance_votes": 0,
  "memories": []
}