{
  "id": 20,
  "name": "Ares-35",
  "element": "water",
  "stats": {
    "resolve": 47,
    "improvisation": 73,
    "empathy": 55,
    "hoarding": 65,
    "faith": 79,
    "paranoia": 51
  },
  "skills": {
    "terraforming": 34,
    "hydroponics": 61,
    "mediation": 32,
    "coding": 32,
    "prayer": 40,
    "sabotage": 16
  },
  "alive": true,
  "year_born": 35,
  "year_died": null,
  "cause_of_death": null,
  "relationships": {
    "0": -0.8332464833093147,
    "1": -4.977116642493472,
    "2": 9.441013257499442,
    "3": 34.20568310817655,
    "4": 49.568479459844845,
    "5": 46.609983471723424,
    "6": 48.56932730698042,
    "7": 34.23662327122476,
    "8": 16.03492812264599,
    "9": -6.854215654932817,
    "10": 22.94445566037151,
    "11": 90.18790386030673,
    "12": 27.470202694753056,
    "13": 55.27114875252653,
    "14": 71.95573558038956,
    "15": -24.974416046559124,
    "16": 59.575905211398336,
    "17": 89.40698359024582,
    "18": 3.2400967844825947,
    "19": 40.868451373373965,
    "21": 89.5674147449165,
    "22": 34.56206985669937,
    "23": 70.21428603238431,
    "24": 18.910627759473105,
    "25": 48.52969324185252,
    "26": 16.897503102174245,
    "27": -11.2814228507431,
    "28": 51.58071657406788,
    "29": 33.515065757173566,
    "30": 41.53566502766689,
    "31": 43.15284041788969,
    "32": 9.923987985563354,
    "33": 60.361002251248976,
    "34": 43.671267245277036,
    "35": 15.654810736216,
    "36": 31.714735000003593,
    "37": 5.887767052929537,
    "38": 32.105101677086004
  },
  "sub_sims_run": 65,
  "governance_votes": [],
  "diary": []
}