{
  "id": 21,
  "name": "Ceres-36",
  "element": "water",
  "stats": {
    "resolve": 40,
    "improvisation": 56,
    "empathy": 78,
    "hoarding": 42,
    "faith": 62,
    "paranoia": 74
  },
  "skills": {
    "terraforming": 11,
    "hydroponics": 83,
    "mediation": 35,
    "coding": 64,
    "prayer": 10,
    "sabotage": 49
  },
  "alive": false,
  "year_born": 36,
  "year_died": 95,
  "cause_of_death": "asphyxiation",
  "relationships": {
    "0": 21.662420383590963,
    "1": 24.539502694893947,
    "2": 46.83644581308455,
    "3": 0.2273317446967966,
    "4": 19.600993770333837,
    "5": 8.517091414737349,
    "6": -1.241397312411913,
    "7": 20.257103482228057,
    "8": 42.098416545725854,
    "9": 39.821220899928164,
    "10": 36.78466630999611,
    "11": 21.877089671921855,
    "12": 65.18826312049396,
    "13": 25.919011523062306,
    "14": 100,
    "15": 10.666628562601034,
    "16": 18.594663346412062,
    "17": 77.41804638800491,
    "18": 7.410578663291946,
    "19": 71.29046926179386,
    "20": 95.52298934966421,
    "22": 3.4565499240720206,
    "23": 87.78983392785923,
    "24": 5.12836254174834,
    "25": 39.95141365838239,
    "26": 21.8852793790187,
    "27": -11.987902216584683,
    "28": 37.81235487301166,
    "29": 48.97778311474529,
    "30": 69.2774267540698,
    "31": 50.62600127572814,
    "32": 6.479287384189391,
    "33": 33.39292750219386,
    "34": -1.305314444330354,
    "35": 33.566149159556275
  },
  "sub_sims_run": 59,
  "governance_votes": [],
  "diary": []
}