{
  "id": 22,
  "name": "Nova-38",
  "element": "earth",
  "stats": {
    "resolve": 64,
    "improvisation": 46,
    "empathy": 59,
    "hoarding": 49,
    "faith": 46,
    "paranoia": 57
  },
  "skills": {
    "terraforming": 62,
    "hydroponics": 21,
    "mediation": 77,
    "coding": 20,
    "prayer": 69,
    "sabotage": 19
  },
  "alive": true,
  "year_born": 38,
  "year_died": null,
  "cause_of_death": null,
  "relationships": {
    "0": 42.08599362292011,
    "1": 53.56922411514273,
    "2": 37.417054076677395,
    "3": 52.00119880554125,
    "4": 48.36178932429612,
    "5": 67.67558495159179,
    "6": 48.16251435631504,
    "7": 35.245899214598886,
    "8": 13.867897032723938,
    "9": 6.5986788708301924,
    "10": 83.2081917396614,
    "11": 92.32543796659952,
    "12": 45.85637029680309,
    "13": 71.8956016765162,
    "14": 1.6439564936460493,
    "15": 37.5264688487195,
    "16": 62.42465895329227,
    "17": 17.781672534083214,
    "18": 100,
    "19": -9.503861655734498,
    "20": -9.10516745644623,
    "21": 14.187590974379548,
    "23": 17.632591033424212,
    "24": 25.031288353232302,
    "25": 6.016798426072802,
    "26": 14.908618291440774,
    "27": 37.15172378323511,
    "28": -0.36027678452856016,
    "29": -6.8397257747030435,
    "30": 13.31924574493264,
    "31": 9.710137541437614,
    "32": 57.38032918320914,
    "33": 18.593071774867074,
    "34": 56.472887261968005,
    "35": 14.793366741146121,
    "36": 4.713265373460983,
    "37": 8.749410238189514,
    "38": 19.01526775810152
  },
  "sub_sims_run": 62,
  "governance_votes": [],
  "diary": []
}