{
  "id": 23,
  "name": "Nova-40",
  "element": "water",
  "stats": {
    "resolve": 71,
    "improvisation": 61,
    "empathy": 47,
    "hoarding": 59,
    "faith": 27,
    "paranoia": 31
  },
  "skills": {
    "terraforming": 31,
    "hydroponics": 73,
    "mediation": 55,
    "coding": 61,
    "prayer": 64,
    "sabotage": 33
  },
  "alive": true,
  "year_born": 40,
  "year_died": null,
  "cause_of_death": null,
  "relationships": {
    "0": 11.961927881841993,
    "1": 56.836542048909735,
    "2": 32.220443244759984,
    "3": 67.31444943558887,
    "4": 10.033071874429632,
    "5": 68.9471700634404,
    "6": 23.446119871160285,
    "7": 30.05378626486775,
    "8": 97.27016700656581,
    "9": 39.67504576516991,
    "10": 13.22567415004314,
    "11": 37.832826730732044,
    "12": 51.20667027955736,
    "13": 33.62399668899655,
    "14": 71.86646766880642,
    "15": 1.626614787574813,
    "16": 49.61123337346374,
    "17": 72.6695264748545,
    "18": 28.160841427194338,
    "19": 15.22438488805103,
    "20": 69.0683023715637,
    "21": 78.2372740113755,
    "22": 21.274147799836953,
    "24": -21.96733589530328,
    "25": -19.64694097236987,
    "26": 66.17510907824088,
    "27": 26.1400651017979,
    "28": 37.014790002890095,
    "29": 64.16465084738138,
    "30": 93.6925256662305,
    "31": 44.11204730248356,
    "32": 29.705258939438203,
    "33": 35.37670021960361,
    "34": 18.799829045814608,
    "35": 19.839897269658486,
    "36": 19.290105588533013,
    "37": 2.9241811416326544,
    "38": 15.338527287484295
  },
  "sub_sims_run": 60,
  "governance_votes": [],
  "diary": []
}