{
  "id": 24,
  "name": "Iris-45",
  "element": "fire",
  "stats": {
    "resolve": 72,
    "improvisation": 24,
    "empathy": 26,
    "hoarding": 73,
    "faith": 70,
    "paranoia": 75
  },
  "skills": {
    "terraforming": 44,
    "hydroponics": 18,
    "mediation": 37,
    "coding": 28,
    "prayer": 62,
    "sabotage": 68
  },
  "alive": true,
  "year_born": 45,
  "year_died": null,
  "cause_of_death": null,
  "relationships": {
    "0": 97.40853401373832,
    "1": 16.05745210445083,
    "2": 3.844563286005701,
    "3": 15.15098021073622,
    "4": 84.51301011254458,
    "5": 69.13217947124089,
    "6": 51.83771137769345,
    "7": 82.24491992488566,
    "8": 23.9024890782921,
    "9": 62.789813528027,
    "10": 17.3015594296803,
    "11": -13.891562076725073,
    "12": 73.41917872769034,
    "13": -4.637911409274396,
    "14": 9.103559906053746,
    "15": 36.15373618540764,
    "16": 90.09976919714376,
    "17": 22.601853644148733,
    "18": -16.266018260425316,
    "19": 24.532234226543757,
    "20": 32.776176438619515,
    "21": 3.553327978041093,
    "22": 38.020593064064514,
    "23": 60.349508464052285,
    "25": -3.6892499907388796,
    "26": 31.891989258853425,
    "27": 61.772974074985285,
    "28": 9.704483627756883,
    "29": 22.859063471105998,
    "30": 5.209839554031086,
    "31": 23.612339103529457,
    "32": 50.56654091848827,
    "33": 9.178739356095024,
    "34": -0.524976880523945,
    "35": 5.342282444453735,
    "36": 18.2155301888394,
    "37": 14.229633187925199,
    "38": 27.524868029494737
  },
  "sub_sims_run": 0,
  "governance_votes": [],
  "diary": []
}