{
  "id": 25,
  "name": "Cosmo-47",
  "element": "air",
  "stats": {
    "resolve": 78,
    "improvisation": 46,
    "empathy": 80,
    "hoarding": 33,
    "faith": 66,
    "paranoia": 45
  },
  "skills": {
    "terraforming": 64,
    "hydroponics": 62,
    "mediation": 55,
    "coding": 34,
    "prayer": 31,
    "sabotage": 40
  },
  "alive": true,
  "year_born": 47,
  "year_died": null,
  "cause_of_death": null,
  "relationships": {
    "0": 44.94390234849513,
    "1": 68.29299559290811,
    "2": 94.38952476066244,
    "3": 39.136968585073944,
    "4": 59.12892637952636,
    "5": -2.1223771933887035,
    "6": 54.78130619228319,
    "7": 32.48843090377109,
    "8": 21.028788353905096,
    "9": 14.688234849030772,
    "10": 66.55825904040907,
    "11": 9.210885147753292,
    "12": 34.779830535025724,
    "13": 64.58095602356445,
    "14": 26.585713900941737,
    "15": 77.81217384088674,
    "16": 22.61793809102065,
    "17": -4.424152220530378,
    "18": 43.28440524893119,
    "19": 36.75697156518106,
    "20": 39.70513224966575,
    "21": 31.611487606189993,
    "22": 7.66503355583684,
    "23": 27.15887667325019,
    "24": 2.0249007872391918,
    "26": 30.702100404843627,
    "27": -32.15437323309854,
    "28": 36.79906383772114,
    "29": -10.010860380630678,
    "30": -9.439838120468352,
    "31": 12.468602166273369,
    "32": 33.351313909686965,
    "33": 28.92488442053972,
    "34": 23.363482847744137,
    "35": 19.758721785628932,
    "36": 19.364570844532007,
    "37": -1.1743472787050013,
    "38": 13.369011726282615
  },
  "sub_sims_run": 53,
  "governance_votes": [],
  "diary": []
}