{
  "id": 26,
  "name": "Iris-49",
  "element": "water",
  "stats": {
    "resolve": 25,
    "improvisation": 54,
    "empathy": 79,
    "hoarding": 70,
    "faith": 72,
    "paranoia": 29
  },
  "skills": {
    "terraforming": 69,
    "hydroponics": 68,
    "mediation": 58,
    "coding": 16,
    "prayer": 51,
    "sabotage": 58
  },
  "alive": false,
  "year_born": 49,
  "year_died": 86,
  "cause_of_death": "asphyxiation",
  "relationships": {
    "0": 26.91705952759751,
    "1": 53.06960132840675,
    "2": 32.216868932979054,
    "3": 22.79868410260882,
    "4": 35.72229014741876,
    "5": 21.79077263464908,
    "6": 22.15890531026128,
    "7": 31.630404224622964,
    "8": 51.68150866009172,
    "9": 1.4891882234066602,
    "10": 21.56276184625466,
    "11": 72.40200992184295,
    "12": 46.02527096899072,
    "13": 11.809563266462478,
    "14": 69.01519508080699,
    "15": 48.49654998917252,
    "16": 50.8067119813698,
    "17": 30.437718838255005,
    "18": 1.3905767583855182,
    "19": 33.39903314196249,
    "20": 63.670575293150186,
    "21": 60.53030537850805,
    "22": 46.00421533477355,
    "23": 62.063668449766055,
    "24": 17.31146335829441,
    "25": 6.371186973372639,
    "27": 27.39264133114463,
    "28": 32.93672627927633,
    "29": 45.72829284963834,
    "30": 57.26584734227657,
    "31": 41.6858819192968,
    "32": 9.534130760824993,
    "33": 30.18151282758396,
    "34": 0.10427824183378487
  },
  "sub_sims_run": 37,
  "governance_votes": [],
  "diary": []
}