{
  "id": 27,
  "name": "Ceres-62",
  "element": "fire",
  "stats": {
    "resolve": 55,
    "improvisation": 68,
    "empathy": 29,
    "hoarding": 36,
    "faith": 71,
    "paranoia": 56
  },
  "skills": {
    "terraforming": 77,
    "hydroponics": 32,
    "mediation": 25,
    "coding": 58,
    "prayer": 26,
    "sabotage": 24
  },
  "alive": true,
  "year_born": 62,
  "year_died": null,
  "cause_of_death": null,
  "relationships": {
    "0": 65.71809341549972,
    "1": 23.227604991768235,
    "2": -14.50612492385379,
    "3": 19.361782235422567,
    "4": 58.1641855725898,
    "5": 9.6761686040126,
    "6": 24.160172846331335,
    "7": 50.222627748829325,
    "8": -17.765315719993726,
    "9": 63.08233618448536,
    "10": 21.292271893771584,
    "11": 32.09322037505049,
    "12": 74.88253028666723,
    "13": 22.321423329103975,
    "14": 6.113583934303137,
    "15": 28.901206489884984,
    "16": 72.87996250819283,
    "17": 11.168309414453905,
    "18": 24.832893366067502,
    "19": 31.697647767273487,
    "20": 38.7017435463103,
    "21": 17.508278025945156,
    "22": -6.31689020526886,
    "23": 15.910437512677724,
    "24": 42.86008683775392,
    "25": -15.143826807326409,
    "26": -9.090401565604175,
    "28": 16.157818429579667,
    "29": 2.3242776392009636,
    "30": 22.460954256394572,
    "31": -0.06566466732687498,
    "32": 42.882609888734514,
    "33": 0.892220868508911,
    "34": 13.347570515101102,
    "35": 27.11388163936175,
    "36": 19.058958474888364,
    "37": 20.00101283151166,
    "38": 27.292377151118657
  },
  "sub_sims_run": 38,
  "governance_votes": [],
  "diary": []
}