{
  "id": 28,
  "name": "Sol-64",
  "element": "water",
  "stats": {
    "resolve": 25,
    "improvisation": 62,
    "empathy": 63,
    "hoarding": 54,
    "faith": 27,
    "paranoia": 52
  },
  "skills": {
    "terraforming": 24,
    "hydroponics": 66,
    "mediation": 65,
    "coding": 16,
    "prayer": 34,
    "sabotage": 66
  },
  "alive": false,
  "year_born": 64,
  "year_died": 87,
  "cause_of_death": "asphyxiation",
  "relationships": {
    "0": 20.07238277780447,
    "1": 36.43677292942294,
    "2": 49.22829767472265,
    "3": 5.99684785477194,
    "4": 34.9773165550407,
    "5": 0.3169533473391404,
    "6": 51.31046849123052,
    "7": 64.84966963038832,
    "8": 56.78702539789305,
    "9": 21.37082962949222,
    "10": 25.641237106072268,
    "11": 48.01865844434924,
    "12": 37.92294289485418,
    "13": 19.066337707126085,
    "14": 63.876187270074006,
    "15": -3.112009410398575,
    "16": 35.52780093994078,
    "17": 5.9375364332837055,
    "18": -2.3134587000908695,
    "19": 56.3112699881423,
    "20": 87.21509410542349,
    "21": 67.16140760099074,
    "22": 55.525303916168575,
    "23": 51.155841963159055,
    "24": 24.805147873419905,
    "25": 23.354004276950572,
    "26": 48.88310439032914,
    "27": 10.078018532980217,
    "29": 35.84802201664638,
    "30": 33.54277510750828,
    "31": 28.585130827083457,
    "32": 16.930792084891376,
    "33": 17.97759161441485,
    "34": 15.379799432221686
  },
  "sub_sims_run": 23,
  "governance_votes": [],
  "diary": []
}