{
  "id": 29,
  "name": "Rhea-68",
  "element": "water",
  "stats": {
    "resolve": 32,
    "improvisation": 33,
    "empathy": 78,
    "hoarding": 49,
    "faith": 60,
    "paranoia": 49
  },
  "skills": {
    "terraforming": 49,
    "hydroponics": 35,
    "mediation": 21,
    "coding": 24,
    "prayer": 45,
    "sabotage": 46
  },
  "alive": false,
  "year_born": 68,
  "year_died": 90,
  "cause_of_death": "asphyxiation",
  "relationships": {
    "0": 23.420020933001656,
    "1": 15.600781555230409,
    "2": 0.23609114601686,
    "3": 22.53726643756308,
    "4": 25.959462200307925,
    "5": 17.47697410905482,
    "6": -2.571664271675391,
    "7": -9.04529426475737,
    "8": 52.98299366707192,
    "9": 7.235440637406603,
    "10": -3.5401724434368287,
    "11": 41.17116894437443,
    "12": 4.299619038262582,
    "13": 16.84351858792071,
    "14": 75.12479826131867,
    "15": 27.40953723502456,
    "16": 25.333317481247164,
    "17": 55.153497071192,
    "18": 27.894883954541868,
    "19": 4.539750593480534,
    "20": 50.58333100139203,
    "21": 43.67453069713447,
    "22": 25.61113649979154,
    "23": 49.11656043865959,
    "24": 33.472233923500404,
    "25": 13.11245795297732,
    "26": 31.07277128288582,
    "27": 40.39825793723494,
    "28": 69.13208812630764,
    "30": 22.862235956768686,
    "31": 23.971900483948843,
    "32": 30.28452455423868,
    "33": 40.38294313364236,
    "34": 35.202111294325334
  },
  "sub_sims_run": 0,
  "governance_votes": [],
  "diary": []
}