{
  "id": 3,
  "name": "Demeter",
  "element": "earth",
  "stats": {
    "resolve": 29,
    "improvisation": 33,
    "empathy": 68,
    "hoarding": 43,
    "faith": 26,
    "paranoia": 25
  },
  "skills": {
    "terraforming": 34,
    "hydroponics": 16,
    "mediation": 42,
    "coding": 64,
    "prayer": 32,
    "sabotage": 48
  },
  "alive": false,
  "year_born": 0,
  "year_died": 88,
  "cause_of_death": "asphyxiation",
  "relationships": {
    "0": 1.5020382274648827,
    "1": -7.90831063752553,
    "2": 1.2587916389786742,
    "4": 16.629923311005477,
    "5": 97.72498984853937,
    "6": 52.70840688888521,
    "7": -31.84716462829894,
    "8": -38.934515175781016,
    "9": -22.328696653340792,
    "10": 97.9265533140513,
    "11": 97.03099890613234,
    "12": 35.45378191074569,
    "13": 100,
    "14": 19.820400095143377,
    "15": 11.756674089480946,
    "16": 23.331552963316582,
    "17": 10.992931834088818,
    "18": 94.74891338951589,
    "19": 22.780799168469656,
    "20": -16.92279026438083,
    "21": 17.39655556378132,
    "22": 77.21963229868533,
    "23": 9.107426110499777,
    "24": 3.774307418504307,
    "25": 24.630699847947504,
    "26": 28.74484823240563,
    "27": 47.68787865120615,
    "28": 3.56477684148666,
    "29": 43.161355378760746,
    "30": 15.199487081718498,
    "31": 14.151720920199281,
    "32": -0.9948357292852443,
    "33": 18.844828963577662,
    "34": 36.315856471818186
  },
  "sub_sims_run": 0,
  "governance_votes": [],
  "diary": []
}