{
  "id": 30,
  "name": "Sol-72",
  "element": "water",
  "stats": {
    "resolve": 75,
    "improvisation": 28,
    "empathy": 53,
    "hoarding": 41,
    "faith": 60,
    "paranoia": 47
  },
  "skills": {
    "terraforming": 44,
    "hydroponics": 53,
    "mediation": 18,
    "coding": 53,
    "prayer": 65,
    "sabotage": 60
  },
  "alive": true,
  "year_born": 72,
  "year_died": null,
  "cause_of_death": null,
  "relationships": {
    "0": 13.332734986998249,
    "1": 51.02105142065086,
    "2": 20.98512779759713,
    "3": 1.1489183019747977,
    "4": 25.573860189787446,
    "5": 27.161265454046415,
    "6": 16.296590318552106,
    "7": 59.46256270404452,
    "8": 27.380495942679257,
    "9": 37.97906336457646,
    "10": 39.259518266771295,
    "11": 20.652412838022553,
    "12": 42.16424550578547,
    "13": 18.940141246086114,
    "14": 71.98441509821484,
    "15": 11.531498668026883,
    "16": 38.27280318228228,
    "17": 47.391408939026824,
    "18": 19.591256586321112,
    "19": 36.94576460950491,
    "20": 56.548433357515265,
    "21": 52.74331468684693,
    "22": 20.18428216089766,
    "23": 60.468365472037576,
    "24": 23.070787788506948,
    "25": 28.887843208058854,
    "26": 41.31945181200123,
    "27": 30.18408403110795,
    "28": 45.01208240571149,
    "29": 63.515203196349,
    "31": 21.525724735317915,
    "32": -1.38995609132872,
    "33": 59.43984797595787,
    "34": 19.41418481958365,
    "35": 12.36093678871892,
    "36": 5.748409632074246,
    "37": 17.50614366022398,
    "38": 10.607572520286144
  },
  "sub_sims_run": 0,
  "governance_votes": [],
  "diary": []
}