{
  "id": "child-31",
  "name": "Drift Sand",
  "element": "water",
  "archetype": "child",
  "stats": {
    "resolve": 0.4616528932777694,
    "improvisation": 0.46743805734507077,
    "empathy": 0.9956589776934398,
    "hoarding": 0.5183708868763989,
    "faith": 0.7995169013180833,
    "paranoia": 0.43362472499085103
  },
  "skills": {
    "terraforming": 0.10413168660297077,
    "hydroponics": 0.04338472802408298,
    "mediation": 0.013019253699696268,
    "coding": 0.003862733329085398,
    "prayer": 0.07746627751876375,
    "sabotage": 0.07265059943744234
  },
  "decision_expr": "(+ (* improvisation coding) (/ terraforming 2))",
  "alive": true,
  "exiled": false,
  "birth_year": 99,
  "subsim_count": 0,
  "governance_votes": 0,
  "memories": [
    {
      "year": 100,
      "event": "New hydroponics technique doubles crop yield per unit water.",
      "valence": 0.016149193668397566
    },
    {
      "year": 100,
      "event": "Double shadow: Phobos and Deimos transit simultaneously.",
      "valence": 0.008296884146640121
    },
    {
      "year": 100,
      "event": "Unknown pathogen spreads through the water system.",
      "valence": -0.618571692946882
    }
  ]
}