{
  "id": 31,
  "name": "Demeter-75",
  "element": "water",
  "stats": {
    "resolve": 49,
    "improvisation": 21,
    "empathy": 44,
    "hoarding": 58,
    "faith": 74,
    "paranoia": 54
  },
  "skills": {
    "terraforming": 19,
    "hydroponics": 53,
    "mediation": 59,
    "coding": 57,
    "prayer": 32,
    "sabotage": 33
  },
  "alive": true,
  "year_born": 75,
  "year_died": null,
  "cause_of_death": null,
  "relationships": {
    "0": 19.634876611630652,
    "1": 29.987027614810852,
    "2": 28.474322674585494,
    "3": 49.05226159027738,
    "4": 4.29029370573159,
    "5": 25.02013131337991,
    "6": 69.59787603875255,
    "7": 44.69561800141734,
    "8": 84.4180944268523,
    "9": 19.025767613216757,
    "10": -5.059537814242033,
    "11": 6.945742077091451,
    "12": 23.69952215396975,
    "13": 21.370020416747888,
    "14": 55.90408583015989,
    "15": 26.234433460141652,
    "16": 18.20086178255634,
    "17": 52.47608607029775,
    "18": 50.56629525104021,
    "19": 24.68186882735349,
    "20": 58.64991321945347,
    "21": 45.680138936480574,
    "22": 22.643436160584837,
    "23": 58.110649040124365,
    "24": -11.758081789880556,
    "25": 35.47667081478865,
    "26": 52.0943777251286,
    "27": 16.252110869834098,
    "28": 35.81567612417855,
    "29": 42.566451583833086,
    "30": 47.845683086905794,
    "32": 30.057667496511954,
    "33": 12.815392983305646,
    "34": 46.453767425095165,
    "35": 17.741701430632293,
    "36": 26.4838819916603,
    "37": 7.465455693765541,
    "38": 19.875974010782077
  },
  "sub_sims_run": 0,
  "governance_votes": [],
  "diary": []
}