{
  "id": 32,
  "name": "Lyra-77",
  "element": "fire",
  "stats": {
    "resolve": 66,
    "improvisation": 51,
    "empathy": 44,
    "hoarding": 62,
    "faith": 78,
    "paranoia": 53
  },
  "skills": {
    "terraforming": 35,
    "hydroponics": 38,
    "mediation": 14,
    "coding": 50,
    "prayer": 69,
    "sabotage": 65
  },
  "alive": true,
  "year_born": 77,
  "year_died": null,
  "cause_of_death": null,
  "relationships": {
    "0": 52.42967168189455,
    "1": 18.99083222873604,
    "2": 16.028886567452666,
    "3": 23.217575780674014,
    "4": 63.30324193615752,
    "5": 4.994181784461363,
    "6": 29.626038592249813,
    "7": 5.618350609902265,
    "8": 18.245009696584415,
    "9": 47.14766929147068,
    "10": 34.853621269552896,
    "11": 58.29728883169719,
    "12": 60.65759748519358,
    "13": -20.546590660129965,
    "14": 30.56681196487379,
    "15": -2.8580076222958506,
    "16": 17.557916213493478,
    "17": 38.86935073972518,
    "18": 37.657778733957684,
    "19": 3.305179566500753,
    "20": 20.56116998099965,
    "21": 37.58952763243446,
    "22": 7.818614724149616,
    "23": 33.172286373613666,
    "24": 34.465468021894765,
    "25": 14.206408362365483,
    "26": 1.8477168917914524,
    "27": 41.20797117761116,
    "28": 11.59594953398992,
    "29": 28.418441505548344,
    "30": -3.44385183451773,
    "31": 34.59599390324033,
    "33": 2.732159802666466,
    "34": 1.0391386791733073,
    "35": 42.50321512274328,
    "36": 12.757498108370665,
    "37": 15.491467448328658,
    "38": 30.279412064063653
  },
  "sub_sims_run": 23,
  "governance_votes": [],
  "diary": []
}