{
  "id": 33,
  "name": "Orion-78",
  "element": "water",
  "stats": {
    "resolve": 80,
    "improvisation": 46,
    "empathy": 74,
    "hoarding": 73,
    "faith": 40,
    "paranoia": 45
  },
  "skills": {
    "terraforming": 20,
    "hydroponics": 30,
    "mediation": 35,
    "coding": 53,
    "prayer": 67,
    "sabotage": 32
  },
  "alive": true,
  "year_born": 78,
  "year_died": null,
  "cause_of_death": null,
  "relationships": {
    "0": 23.16818315593651,
    "1": 30.169096210667654,
    "2": 8.067553105405556,
    "3": 52.412122477089135,
    "4": 25.262628624797635,
    "5": 37.51802316508641,
    "6": 45.448710701090675,
    "7": 3.3850588750891255,
    "8": 52.77952531063198,
    "9": 43.84168583005184,
    "10": 35.16952644867006,
    "11": 66.96098001039952,
    "12": -10.461497660163506,
    "13": 42.28797425838345,
    "14": 24.413434125532774,
    "15": 1.5336346465965778,
    "16": 7.54760204667233,
    "17": 47.23593264055201,
    "18": 20.085775201313652,
    "19": 30.307929225525477,
    "20": 49.10187935320891,
    "21": 23.553962487993704,
    "22": 9.61358218779737,
    "23": 68.52305374649569,
    "24": 39.45539175693786,
    "25": 6.532970255175737,
    "26": 38.10720787221645,
    "27": 33.592212847704886,
    "28": 39.9349784337583,
    "29": 21.597435087741644,
    "30": 69.6860808796624,
    "31": 28.45215134164986,
    "32": 54.92815392557917,
    "34": -16.39021873718471,
    "35": 31.39325194464718,
    "36": 26.41030025346201,
    "37": 30.078337826298206,
    "38": 17.907612421313534
  },
  "sub_sims_run": 22,
  "governance_votes": [],
  "diary": []
}