{
  "id": 34,
  "name": "Iris-79",
  "element": "earth",
  "stats": {
    "resolve": 80,
    "improvisation": 35,
    "empathy": 47,
    "hoarding": 45,
    "faith": 28,
    "paranoia": 43
  },
  "skills": {
    "terraforming": 15,
    "hydroponics": 53,
    "mediation": 51,
    "coding": 30,
    "prayer": 15,
    "sabotage": 28
  },
  "alive": true,
  "year_born": 79,
  "year_died": null,
  "cause_of_death": null,
  "relationships": {
    "0": 26.38637724297073,
    "1": 34.120013490855044,
    "2": 16.449277617860385,
    "3": 51.80302268616168,
    "4": 6.788601980420909,
    "5": 48.79604066065426,
    "6": 26.24580932090304,
    "7": 36.463428548635825,
    "8": 2.1137906252094867,
    "9": 22.1281008595638,
    "10": 39.888907359731135,
    "11": 53.280849804213894,
    "12": 11.865158892995414,
    "13": 49.91920284616412,
    "14": 8.980054516656729,
    "15": 10.443535735261317,
    "16": 36.694575002924644,
    "17": 17.71361022161326,
    "18": 54.21184138747759,
    "19": -20.4609911580736,
    "20": 55.273944731993986,
    "21": 43.50076864427475,
    "22": 38.38497741634548,
    "23": 41.62982098877413,
    "24": 39.70602070847992,
    "25": 4.372287571578917,
    "26": 17.315495422437447,
    "27": 12.796436881414692,
    "28": 19.399126093693425,
    "29": 15.523328686893631,
    "30": 45.7625582237022,
    "31": 10.689268803584111,
    "32": 24.53481484595961,
    "33": 26.412164013241863,
    "35": 25.196624104502305,
    "36": 28.065225942780845,
    "37": 4.284060519579487,
    "38": 24.41469446269542
  },
  "sub_sims_run": 0,
  "governance_votes": [],
  "diary": []
}