{
  "id": 35,
  "name": "Iris-94",
  "element": "fire",
  "stats": {
    "resolve": 79,
    "improvisation": 63,
    "empathy": 39,
    "hoarding": 78,
    "faith": 30,
    "paranoia": 54
  },
  "skills": {
    "terraforming": 35,
    "hydroponics": 26,
    "mediation": 18,
    "coding": 70,
    "prayer": 35,
    "sabotage": 17
  },
  "alive": true,
  "year_born": 94,
  "year_died": null,
  "cause_of_death": null,
  "relationships": {
    "4": 62.96497280454898,
    "5": 16.622369039278812,
    "7": 34.05263881128964,
    "8": 20.069862175879475,
    "9": 42.48924313212198,
    "10": 46.48661683292475,
    "11": 37.3091293638168,
    "12": 42.51891455903649,
    "13": 15.274237035461695,
    "14": -1.6605482209547977,
    "16": 21.68453359177101,
    "17": 26.28550459254532,
    "19": 31.591707030452415,
    "20": 39.20746533390927,
    "21": 32.52399855735166,
    "22": 45.07503831472732,
    "23": 26.59262565114718,
    "24": 28.020514441464897,
    "25": 6.459597625577376,
    "27": 41.35435731922357,
    "30": 16.10589137121472,
    "31": 39.96467875288743,
    "32": 19.994292838445762,
    "33": 0.8096567580921548,
    "34": 37.987188031020665,
    "36": 17.793998513430626,
    "37": 16.038029183799612,
    "38": 20.962574025992666
  },
  "sub_sims_run": 6,
  "governance_votes": [],
  "diary": []
}