{
  "id": 36,
  "name": "Helios-95",
  "element": "earth",
  "stats": {
    "resolve": 25,
    "improvisation": 20,
    "empathy": 20,
    "hoarding": 61,
    "faith": 22,
    "paranoia": 57
  },
  "skills": {
    "terraforming": 28,
    "hydroponics": 33,
    "mediation": 40,
    "coding": 37,
    "prayer": 62,
    "sabotage": 22
  },
  "alive": false,
  "year_born": 95,
  "year_died": 96,
  "cause_of_death": "asphyxiation",
  "relationships": {
    "4": 12.796950245511292,
    "5": 24.409360905111367,
    "7": 24.63138235358209,
    "8": 30.49784245043507,
    "9": 14.554030747543885,
    "10": 32.58808427988072,
    "11": 34.05186937748304,
    "12": 32.048272131689046,
    "13": 36.351986008958384,
    "14": 14.726942160711525,
    "16": 19.97364477864895,
    "17": 21.530380207365944,
    "19": 22.02433822871694,
    "20": 39.01327698498622,
    "22": 16.373750445036134,
    "23": 14.049197275084296,
    "24": 10.082061200522666,
    "25": 32.15608057737607,
    "27": 46.17478201934735,
    "30": 30.649003929448497,
    "31": 31.495862942079846,
    "32": 25.747981493780568,
    "33": 25.85863715719108,
    "34": 34.746737394703736,
    "35": 33.23445954281135
  },
  "sub_sims_run": 0,
  "governance_votes": [],
  "diary": []
}