{
  "id": 37,
  "name": "Atlas-96",
  "element": "earth",
  "stats": {
    "resolve": 60,
    "improvisation": 65,
    "empathy": 72,
    "hoarding": 57,
    "faith": 36,
    "paranoia": 35
  },
  "skills": {
    "terraforming": 26,
    "hydroponics": 63,
    "mediation": 64,
    "coding": 13,
    "prayer": 55,
    "sabotage": 37
  },
  "alive": true,
  "year_born": 96,
  "year_died": null,
  "cause_of_death": null,
  "relationships": {
    "4": 33.666291564746025,
    "5": 40.3530205394311,
    "7": 15.00811022097436,
    "8": 46.41283938720275,
    "9": 35.374247265693725,
    "10": 33.23720082638815,
    "11": 3.2770215579333892,
    "12": 26.20926495858739,
    "13": 21.335336986050958,
    "14": 26.45937107216453,
    "16": 20.001451129831583,
    "17": 18.4244471317938,
    "19": 16.040175751794788,
    "20": 22.204015861720297,
    "22": 24.60521788258145,
    "23": 25.340142602243798,
    "24": 21.159482254212037,
    "25": 32.63025243145231,
    "27": 31.722387892115538,
    "30": 26.29155838442629,
    "31": 20.631047289821286,
    "32": 10.08396655101473,
    "33": 38.08451420409047,
    "34": 26.821679630198823,
    "35": 43.87437189084141,
    "38": 17.09917629346151
  },
  "sub_sims_run": 4,
  "governance_votes": [],
  "diary": []
}