{
  "id": 38,
  "name": "Ares-97",
  "element": "air",
  "stats": {
    "resolve": 21,
    "improvisation": 54,
    "empathy": 44,
    "hoarding": 64,
    "faith": 52,
    "paranoia": 31
  },
  "skills": {
    "terraforming": 36,
    "hydroponics": 14,
    "mediation": 54,
    "coding": 33,
    "prayer": 13,
    "sabotage": 45
  },
  "alive": false,
  "year_born": 97,
  "year_died": 99,
  "cause_of_death": "asphyxiation",
  "relationships": {
    "4": 14.282715226161141,
    "5": 34.56257886031743,
    "7": 17.728807772952766,
    "8": 17.86478395661413,
    "9": 47.51776420179728,
    "10": 28.015991534508437,
    "11": 10.46267961727679,
    "12": 41.88548728134084,
    "13": 29.607978279637933,
    "14": 14.41608583888463,
    "16": 33.401149664897616,
    "19": 45.34855627673612,
    "20": 5.293005692194817,
    "22": 38.81196264720286,
    "23": 29.23711383668547,
    "24": 17.55974296022043,
    "25": 11.143680013414691,
    "27": 27.404481823285046,
    "30": 21.854862433441966,
    "31": 11.599009396993889,
    "32": 28.576316439983202,
    "33": 13.248442922676514,
    "34": 30.237746405705778,
    "35": 37.110040392433184,
    "37": 7.316679149124317
  },
  "sub_sims_run": 2,
  "governance_votes": [],
  "diary": []
}