{
  "id": 4,
  "name": "Titan",
  "element": "fire",
  "stats": {
    "resolve": 66,
    "improvisation": 49,
    "empathy": 54,
    "hoarding": 27,
    "faith": 79,
    "paranoia": 44
  },
  "skills": {
    "terraforming": 30,
    "hydroponics": 45,
    "mediation": 28,
    "coding": 63,
    "prayer": 50,
    "sabotage": 49
  },
  "alive": true,
  "year_born": 0,
  "year_died": null,
  "cause_of_death": null,
  "relationships": {
    "0": 98.89722212056277,
    "1": 6.424153865663532,
    "2": 11.822966727355439,
    "3": -22.21537040640823,
    "5": -58.41331195558365,
    "6": 10.1839992745298,
    "7": 100,
    "8": -63.01380191025344,
    "9": 32.298764725455385,
    "10": -62.4374259790381,
    "11": 18.130296311798823,
    "12": 89.46438799999763,
    "13": 59.749769864654844,
    "14": 63.57237532445954,
    "15": 12.311609000468367,
    "16": 48.14439335745061,
    "17": 20.423085091932418,
    "18": 8.696639337614068,
    "19": 55.347924076069845,
    "20": 2.293330323157588,
    "21": 18.502525793311666,
    "22": 45.460827838469505,
    "23": 15.088497546920795,
    "24": 79.56588057149975,
    "25": 46.50853978727864,
    "26": 22.28578476270619,
    "27": 59.52659269681382,
    "28": 25.30151902555275,
    "29": 3.7112974890289565,
    "30": 64.29236499388719,
    "31": 15.454803957067572,
    "32": 34.807018856526824,
    "33": 32.31130775998062,
    "34": 26.08086631475994,
    "35": 23.232787170836122,
    "36": 19.715388388501662,
    "37": 33.118839704337006,
    "38": 5.4837626360096365
  },
  "sub_sims_run": 19,
  "governance_votes": [],
  "diary": []
}