{
  "id": 5,
  "name": "Selene",
  "element": "earth",
  "stats": {
    "resolve": 56,
    "improvisation": 32,
    "empathy": 65,
    "hoarding": 52,
    "faith": 22,
    "paranoia": 62
  },
  "skills": {
    "terraforming": 24,
    "hydroponics": 59,
    "mediation": 38,
    "coding": 15,
    "prayer": 64,
    "sabotage": 24
  },
  "alive": true,
  "year_born": 0,
  "year_died": null,
  "cause_of_death": null,
  "relationships": {
    "0": 30.158009025103233,
    "1": 30.585146477478958,
    "2": 62.828048205734,
    "3": 95.9542158803544,
    "4": 33.33801605479315,
    "6": -14.321869713289056,
    "7": -36.60172770159715,
    "8": -17.799755061154652,
    "9": 38.18155706247699,
    "10": 99.53352179062219,
    "11": 94.23020933553643,
    "12": 54.69870779481998,
    "13": 90.30449207573172,
    "14": -21.35333531839373,
    "15": 50.400804078390046,
    "16": -16.459931609345503,
    "17": 36.703443761313004,
    "18": 88.54102220328937,
    "19": 18.834143030844142,
    "20": 8.614910834259778,
    "21": 15.597250924126906,
    "22": 82.80211872802825,
    "23": 63.881129961775464,
    "24": 55.54876940615798,
    "25": -18.079133210024835,
    "26": 0.9646144381199022,
    "27": 32.967667913982545,
    "28": 27.99944825437762,
    "29": 6.349161768162828,
    "30": 2.484426884453023,
    "31": 27.747396565953224,
    "32": 10.936613804547031,
    "33": -9.496254515895368,
    "34": 62.609466407639566,
    "35": 45.535288070547665,
    "36": 34.86620409020553,
    "37": 28.313310720503104,
    "38": 3.8071233319318774
  },
  "sub_sims_run": 0,
  "governance_votes": [],
  "diary": []
}