{
  "id": 6,
  "name": "Vulcan",
  "element": "air",
  "stats": {
    "resolve": 37,
    "improvisation": 64,
    "empathy": 60,
    "hoarding": 73,
    "faith": 43,
    "paranoia": 30
  },
  "skills": {
    "terraforming": 33,
    "hydroponics": 32,
    "mediation": 23,
    "coding": 67,
    "prayer": 27,
    "sabotage": 54
  },
  "alive": false,
  "year_born": 0,
  "year_died": 93,
  "cause_of_death": "asphyxiation",
  "relationships": {
    "0": -31.603130493710548,
    "1": 57.244547928008714,
    "2": 98.73449522347893,
    "3": -40.53789775123745,
    "4": -34.26839851895989,
    "5": -61.72757913811494,
    "7": -53.87693543580586,
    "8": -15.92630236565076,
    "9": 7.518118878480577,
    "10": 21.550548246823524,
    "11": -6.050872985762645,
    "12": 45.26373449641431,
    "13": -3.3595749577386878,
    "14": 33.37852970901959,
    "15": 68.3024572683806,
    "16": 44.226313267117334,
    "17": 6.406974867922274,
    "18": 40.14118399056655,
    "19": 100,
    "20": 28.723893053943762,
    "21": 30.268233462069475,
    "22": -17.692346715108425,
    "23": 27.23606797670207,
    "24": 9.86899916756495,
    "25": 98.2493464314259,
    "26": 31.368149253777712,
    "27": -1.160680095607512,
    "28": 24.886830930385123,
    "29": 31.90637789765268,
    "30": 2.1223480624868527,
    "31": 35.03261343521571,
    "32": 9.11373980515033,
    "33": 9.727312639305564,
    "34": 21.723475252678373
  },
  "sub_sims_run": 65,
  "governance_votes": [],
  "diary": []
}