{
  "id": 7,
  "name": "Iris",
  "element": "fire",
  "stats": {
    "resolve": 58,
    "improvisation": 60,
    "empathy": 30,
    "hoarding": 54,
    "faith": 72,
    "paranoia": 35
  },
  "skills": {
    "terraforming": 35,
    "hydroponics": 39,
    "mediation": 34,
    "coding": 27,
    "prayer": 69,
    "sabotage": 50
  },
  "alive": true,
  "year_born": 0,
  "year_died": null,
  "cause_of_death": null,
  "relationships": {
    "0": 47.55925827045218,
    "1": -3.15479369549317,
    "2": 28.74529199421553,
    "3": 57.39884552628576,
    "4": 79.99920710984097,
    "5": 26.720757562947394,
    "6": 22.98837563271139,
    "8": -29.063484157877006,
    "9": 100,
    "10": 2.2853227224041572,
    "11": -53.081121114411935,
    "12": 99.27374558651762,
    "13": 33.73843918031014,
    "14": -1.4835880935938508,
    "15": -12.841993664971694,
    "16": 85.93777165135324,
    "17": -27.80890393578081,
    "18": -2.2412164667202337,
    "19": 51.08081728587107,
    "20": -3.8371660568141555,
    "21": -4.488726844636808,
    "22": 23.374866616484915,
    "23": 10.73901891835656,
    "24": 96.34070535629485,
    "25": 16.482910699157976,
    "26": 28.239055324749955,
    "27": 62.641437889436816,
    "28": 28.37481992851777,
    "29": 34.260317685350664,
    "30": 32.12962619707419,
    "31": 14.40062426488936,
    "32": 37.94950350024866,
    "33": 26.88234207911735,
    "34": 19.544964986189996,
    "35": 26.77168969878643,
    "36": 30.671218818471218,
    "37": 15.399316517339715,
    "38": 29.870873173557747
  },
  "sub_sims_run": 69,
  "governance_votes": [],
  "diary": []
}