{
  "id": 8,
  "name": "Cosmo",
  "element": "water",
  "stats": {
    "resolve": 63,
    "improvisation": 40,
    "empathy": 73,
    "hoarding": 69,
    "faith": 69,
    "paranoia": 23
  },
  "skills": {
    "terraforming": 24,
    "hydroponics": 77,
    "mediation": 12,
    "coding": 61,
    "prayer": 30,
    "sabotage": 35
  },
  "alive": true,
  "year_born": 0,
  "year_died": null,
  "cause_of_death": null,
  "relationships": {
    "0": 8.352857998718221,
    "1": 5.761904366976605,
    "2": 46.2961256216683,
    "3": 13.115110278303812,
    "4": -48.707586130771055,
    "5": 6.649373345692588,
    "6": 6.412934866036673,
    "7": 0.2542669569636704,
    "9": 10.210800561357058,
    "10": 26.461508309882003,
    "11": -15.394570366637033,
    "12": 70.70272632681736,
    "13": 20.161361537448933,
    "14": 100,
    "15": 16.09336968728171,
    "16": 14.459035083255227,
    "17": 69.56704211443318,
    "18": 44.57117919613473,
    "19": -29.123546812021956,
    "20": 77.28206409212444,
    "21": 30.09551372901868,
    "22": 29.23567791869176,
    "23": 99.08091877205725,
    "24": 10.92039933078704,
    "25": 6.12759012841383,
    "26": 45.13290878770744,
    "27": -3.9137262735648872,
    "28": 45.283280115426244,
    "29": 26.61241638741096,
    "30": 73.58727771774163,
    "31": 53.30239250044105,
    "32": 9.97844089249423,
    "33": 51.40104801811143,
    "34": 20.004354791915386,
    "35": 17.00222004220039,
    "36": 18.56442824692515,
    "37": 15.985117763374047,
    "38": 24.219827860425966
  },
  "sub_sims_run": 0,
  "governance_votes": [],
  "diary": []
}