{
  "id": 9,
  "name": "Nova",
  "element": "fire",
  "stats": {
    "resolve": 64,
    "improvisation": 78,
    "empathy": 80,
    "hoarding": 70,
    "faith": 76,
    "paranoia": 65
  },
  "skills": {
    "terraforming": 45,
    "hydroponics": 23,
    "mediation": 51,
    "coding": 41,
    "prayer": 35,
    "sabotage": 66
  },
  "alive": true,
  "year_born": 0,
  "year_died": null,
  "cause_of_death": null,
  "relationships": {
    "0": 62.68198646536163,
    "1": -4.892955972205737,
    "2": 23.54905831402845,
    "3": 30.50062316574974,
    "4": 93.80347990970762,
    "5": 8.638328022082616,
    "6": 5.630907675631242,
    "7": 48.066658749506544,
    "8": 18.315099292943845,
    "10": 3.60549011611612,
    "11": -6.324740254623668,
    "12": 90.75083886909806,
    "13": -9.07671001560468,
    "14": 17.537518835953215,
    "15": 58.961539431437664,
    "16": 79.99313392444671,
    "17": -34.09411168636799,
    "18": 21.641510696952874,
    "19": 14.910279073512157,
    "20": -15.440464676768668,
    "21": 1.6392568088511803,
    "22": 35.00428283106955,
    "23": 17.54490331165527,
    "24": 51.60592944540061,
    "25": 6.81699312273576,
    "26": 15.955038463189288,
    "27": 45.5036180807362,
    "28": 49.620392714478676,
    "29": 9.733020464304266,
    "30": 13.228026327002901,
    "31": 5.998879347171823,
    "32": 41.04597521870845,
    "33": 34.28875036144978,
    "34": 26.874907958995383,
    "35": 28.634730426887927,
    "36": 18.508779059756773,
    "37": 9.762709688602948,
    "38": 8.500964872840571
  },
  "sub_sims_run": 69,
  "governance_votes": [],
  "diary": []
}