{
  "id": "aura-kai",
  "name": "Aura Kai",
  "element": "air",
  "alive": false,
  "stats": {
    "resolve": 54,
    "improvisation": 73,
    "empathy": 47,
    "hoarding": 51,
    "faith": 75,
    "paranoia": 3
  },
  "skills": {
    "terraforming": 0.5515554888084843,
    "hydroponics": 0.5675902119393261,
    "mediation": 0.9052140374626234,
    "coding": 0.5829205592712188,
    "prayer": 0.832102137844519,
    "sabotage": 0.5319288728378201
  },
  "cause_of_death": null,
  "year_died": 34
}