{
  "id": "child-21",
  "name": "Moss Stone",
  "element": "earth",
  "alive": true,
  "stats": {
    "resolve": 24,
    "improvisation": 58,
    "empathy": 48,
    "hoarding": 66,
    "faith": 28,
    "paranoia": 39
  },
  "skills": {
    "terraforming": 0.03184843292982454,
    "hydroponics": 0.23993934470075667,
    "mediation": 0.27144320959439894,
    "coding": 0.0617711964953241,
    "prayer": 0.2636058649978237,
    "sabotage": 0.09421638170965478
  },
  "cause_of_death": null,
  "year_died": null
}