{
  "id": "child-22",
  "name": "Moss Stone",
  "element": "water",
  "archetype": "child",
  "stats": {
    "resolve": 0.4933211025435435,
    "improvisation": 0.36015863031692985,
    "empathy": 0.6000879891356004,
    "hoarding": 0.544929377600847,
    "faith": 0.6219081140840137,
    "paranoia": 0.6765197894415839
  },
  "skills": {
    "terraforming": 0.03668741069865546,
    "hydroponics": 0.08953481232371593,
    "mediation": 0.03203286542983935,
    "coding": 0.07507879513884812,
    "prayer": 0.06599597643183089,
    "sabotage": 0.09305502848496283
  },
  "decision_expr": "(+ (* empathy mediation) (* resolve 0.5))",
  "alive": true,
  "exiled": false,
  "birth_year": 100,
  "subsim_count": 0,
  "governance_votes": 0,
  "memories": []
}