{
  "id": "child-10",
  "name": "Opal Creek",
  "element": "earth",
  "archetype": "child",
  "stats": {
    "resolve": 0.5015087676909318,
    "improvisation": 0.5956037976249396,
    "empathy": 0.6506465731729998,
    "hoarding": 0.278274491438245,
    "faith": 0.6727952417306077,
    "paranoia": 0.0307703776313038
  },
  "skills": {
    "terraforming": 0.014430650945919075,
    "hydroponics": 0.07562309623713001,
    "mediation": 0.032463932533814854,
    "coding": 0.1251848060213612,
    "prayer": 0.13330886022292235,
    "sabotage": 0.06826680050121564
  },
  "decision_expr": "(if (> faith 0.5) (* faith empathy) improvisation)",
  "alive": false,
  "exiled": false,
  "birth_year": 10,
  "faction_id": null,
  "subsim_count": 0,
  "governance_votes": 1,
  "memories": [
    {
      "year": 11,
      "event": "Repeating pattern in cosmic ray data \u2014 statistical fluke or message?",
      "valence": 0.08655689052808002
    },
    {
      "year": 12,
      "event": "Coding breakthrough: automated drone maintenance saves labor.",
      "valence": 0.04587205924283744
    },
    {
      "year": 13,
      "event": "Severe radiation event \u2014 all colonists confined to shielded core.",
      "valence": -0.9611398826259112
    }
  ],
  "death_year": 13,
  "death_cause": "habitat breach"
}