{
  "id": "child-27",
  "name": "Ember Clay",
  "element": "fire",
  "archetype": "child",
  "stats": {
    "resolve": 0.9419107183980511,
    "improvisation": 0.44763496798372693,
    "empathy": 0.4323401446455156,
    "hoarding": 0.5236899255614045,
    "faith": 0.6235174452607165,
    "paranoia": 0.6364407737855178
  },
  "skills": {
    "terraforming": 0.0629109805382302,
    "hydroponics": 0.07002471322819633,
    "mediation": 0.038041899712727034,
    "coding": 0.04611526070275056,
    "prayer": 0.02911035138466669,
    "sabotage": 0.04439573517867036
  },
  "decision_expr": "(let ((risk (* paranoia 0.5))) (- improvisation risk))",
  "alive": true,
  "exiled": false,
  "birth_year": 100,
  "subsim_count": 0,
  "governance_votes": 0,
  "memories": [],
  "wallet": {
    "holdings": {
      "food": 0.0,
      "water": 0.0,
      "power": 0.0,
      "air": 0.0,
      "medicine": 0.0
    },
    "total_earned": 0.0,
    "total_traded": 0.0,
    "total_taxed": 0.0
  }
}