{
  "id": "child-20",
  "name": "Haze Cliff",
  "element": "earth",
  "archetype": "child",
  "stats": {
    "resolve": 0.5296335688019562,
    "improvisation": 0.6676314734211168,
    "empathy": 0.8139079870771099,
    "hoarding": 0.5152397287151879,
    "faith": 0.49302925560294575,
    "paranoia": 0.11900130087353827
  },
  "skills": {
    "terraforming": 0.035889820157407305,
    "hydroponics": 0.0506934888286735,
    "mediation": 0.030763410824983375,
    "coding": 0.06538021248017745,
    "prayer": 0.06371242813080286,
    "sabotage": 0.0
  },
  "decision_expr": "(+ (* empathy mediation) (* resolve 0.5))",
  "alive": true,
  "exiled": false,
  "birth_year": 99,
  "faction_id": null,
  "subsim_count": 0,
  "governance_votes": 1,
  "memories": [
    {
      "year": 100,
      "event": "A massive dust storm engulfs the colony for weeks.",
      "valence": -0.581794798193668
    },
    {
      "year": 100,
      "event": "Lava tube entrance found \u2014 potential expansion space.",
      "valence": 0.007897306890267209
    },
    {
      "year": 100,
      "event": "The primary water recycler fails catastrophically.",
      "valence": 0.4057313720094218
    }
  ]
}