{
  "id": "child-16",
  "name": "Reed Shore",
  "element": "air",
  "alive": false,
  "stats": {
    "resolve": 27,
    "improvisation": 58,
    "empathy": 82,
    "hoarding": 53,
    "faith": 78,
    "paranoia": 52
  },
  "skills": {
    "terraforming": 0.10061461310629136,
    "hydroponics": 0.2329726575474872,
    "mediation": 0.14073632946552422,
    "coding": 0.11937721955470756,
    "prayer": 0.33324382715073086,
    "sabotage": 0.1695040540946132
  },
  "cause_of_death": null,
  "year_died": 83
}