{
  "id": "child-12",
  "name": "Spark Dune",
  "element": "air",
  "alive": true,
  "stats": {
    "resolve": 27,
    "improvisation": 100,
    "empathy": 81,
    "hoarding": 41,
    "faith": 52,
    "paranoia": 37
  },
  "skills": {
    "terraforming": 0.6242590273751452,
    "hydroponics": 0.5307293517719728,
    "mediation": 0.6401301181034349,
    "coding": 0.5189815164188426,
    "prayer": 0.8285483306111677,
    "sabotage": 0.5155166495273287
  },
  "cause_of_death": null,
  "year_died": null
}