{
  "id": "child-32",
  "name": "Reed Shore",
  "element": "fire",
  "archetype": "child",
  "stats": {
    "resolve": 0.5461562052207527,
    "improvisation": 0.37375877942649505,
    "empathy": 0.47058308148571915,
    "hoarding": 0.6776168012389594,
    "faith": 0.5478233989988492,
    "paranoia": 0.5766884526944029
  },
  "skills": {
    "terraforming": 0.06154761794140897,
    "hydroponics": 0.024022267147334016,
    "mediation": 0.046742152739457116,
    "coding": 0.09546068463421488,
    "prayer": 0.022533472928138103,
    "sabotage": 0.030198338297205717
  },
  "decision_expr": "(+ hoarding (* hydroponics resolve))",
  "alive": true,
  "exiled": false,
  "birth_year": 99,
  "subsim_count": 0,
  "governance_votes": 1,
  "memories": [
    {
      "year": 100,
      "event": "Strange crystalline structures found in deep drill core.",
      "valence": 0.09351203980777407
    },
    {
      "year": 100,
      "event": "Accusations of resource hoarding fracture the colony trust.",
      "valence": -0.4107264350962929
    },
    {
      "year": 100,
      "event": "Underground cavern with stable temperature discovered.",
      "valence": 0.14991943324262896
    }
  ],
  "wallet": {
    "holdings": {
      "food": 0.0,
      "water": 0.0,
      "power": 0.0,
      "air": 0.0,
      "medicine": 0.0
    },
    "total_earned": 0.0,
    "total_traded": 0.0,
    "total_taxed": 0.0
  }
}