{
  "id": "child-22",
  "name": "Moss Stone",
  "element": "water",
  "alive": true,
  "stats": {
    "resolve": 45,
    "improvisation": 22,
    "empathy": 73,
    "hoarding": 57,
    "faith": 50,
    "paranoia": 58
  },
  "skills": {
    "terraforming": 0.09125992184905107,
    "hydroponics": 0.12353728396548587,
    "mediation": 0.1006731714425538,
    "coding": 0.03728782693648788,
    "prayer": 0.10543425349368887,
    "sabotage": 0.031194882251576104
  },
  "cause_of_death": null,
  "year_died": null
}