{
  "id": "child-15",
  "name": "Coral Mist",
  "element": "earth",
  "alive": false,
  "stats": {
    "resolve": 26,
    "improvisation": 77,
    "empathy": 1,
    "hoarding": 89,
    "faith": 51,
    "paranoia": 25
  },
  "skills": {
    "terraforming": 0.1805440500367203,
    "hydroponics": 0.037825979982710395,
    "mediation": 0.16901030162445707,
    "coding": 0.11091922129700604,
    "prayer": 0.3160645608058462,
    "sabotage": 0.11980186367905508
  },
  "cause_of_death": null,
  "year_died": 68
}