{
  "id": "child-10",
  "name": "Opal Creek",
  "element": "earth",
  "alive": false,
  "stats": {
    "resolve": 33,
    "improvisation": 47,
    "empathy": 79,
    "hoarding": 17,
    "faith": 57,
    "paranoia": 25
  },
  "skills": {
    "terraforming": 0.07374079090091754,
    "hydroponics": 0.08913591158844793,
    "mediation": 0.11991274006052806,
    "coding": 0.21149862643688522,
    "prayer": 0.13627033607789396,
    "sabotage": 0.2635102399869971
  },
  "cause_of_death": null,
  "year_died": 26
}