{
  "id": "child-13",
  "name": "Fern Ridge",
  "element": "earth",
  "alive": true,
  "stats": {
    "resolve": 63,
    "improvisation": 27,
    "empathy": 0,
    "hoarding": 98,
    "faith": 48,
    "paranoia": 53
  },
  "skills": {
    "terraforming": 0.5101431283207256,
    "hydroponics": 0.5027445232248754,
    "mediation": 0.45861962248027643,
    "coding": 0.4158301749492041,
    "prayer": 0.5522193910168194,
    "sabotage": 0.35194434116742074
  },
  "cause_of_death": null,
  "year_died": null
}