{
  "id": "child-17",
  "name": "Ember Clay",
  "element": "earth",
  "alive": false,
  "stats": {
    "resolve": 68,
    "improvisation": 43,
    "empathy": 44,
    "hoarding": 93,
    "faith": 35,
    "paranoia": 67
  },
  "skills": {
    "terraforming": 0.3106293299156885,
    "hydroponics": 0.16728801711823066,
    "mediation": 0.2052147376627309,
    "coding": 0.28618059930009154,
    "prayer": 0.3955434012877149,
    "sabotage": 0.2444611448417301
  },
  "cause_of_death": null,
  "year_died": 91
}