{
  "id": "child-18",
  "name": "Spark Dune",
  "element": "water",
  "alive": true,
  "stats": {
    "resolve": 32,
    "improvisation": 53,
    "empathy": 95,
    "hoarding": 56,
    "faith": 79,
    "paranoia": 62
  },
  "skills": {
    "terraforming": 0.2589244874618054,
    "hydroponics": 0.3528032946536048,
    "mediation": 0.3311602051078697,
    "coding": 0.29828462071736656,
    "prayer": 0.35796935627066334,
    "sabotage": 0.1437685561034783
  },
  "cause_of_death": null,
  "year_died": null
}