{
  "id": "child-30",
  "name": "Slate Gorge",
  "element": "fire",
  "archetype": "child",
  "stats": {
    "resolve": 0.9940947362264706,
    "improvisation": 0.6002845426922457,
    "empathy": 0.31854686948006594,
    "hoarding": 0.3598935593126014,
    "faith": 0.343833010775514,
    "paranoia": 0.462391957830545
  },
  "skills": {
    "terraforming": 0.0774319252966627,
    "hydroponics": 0.08727470219901601,
    "mediation": 0.09189995899250143,
    "coding": 0.06603641168652834,
    "prayer": 0.04012151333559846,
    "sabotage": 0.009267607641026333
  },
  "decision_expr": "(if (> paranoia 0.6) (* hoarding resolve) (- resolve empathy))",
  "alive": true,
  "exiled": false,
  "birth_year": 100,
  "subsim_count": 0,
  "governance_votes": 0,
  "memories": [],
  "wallet": {
    "holdings": {
      "food": 0.0,
      "water": 0.0,
      "power": 0.0,
      "air": 0.0,
      "medicine": 0.0
    },
    "total_earned": 0.0,
    "total_traded": 0.0,
    "total_taxed": 0.0
  },
  "genome": {
    "alleles": [
      [
        0.871124,
        0.829949
      ],
      [
        0.415562,
        0.312553
      ],
      [
        0.504432,
        0.216778
      ],
      [
        0.336901,
        0.705613
      ],
      [
        0.206717,
        0.081479
      ],
      [
        0.394211,
        0.750777
      ],
      [
        0.725581,
        0.540162
      ],
      [
        0.182379,
        0.116652
      ],
      [
        0.49643,
        0.0
      ],
      [
        0.323371,
        0.208149
      ],
      [
        0.0,
        0.013621
      ],
      [
        0.090036,
        0.688422
      ]
    ]
  }
}