{
  "id": "child-20",
  "name": "Nova Sol",
  "element": "water",
  "alive": true,
  "stats": {
    "resolve": 0,
    "improvisation": 84,
    "empathy": 60,
    "hoarding": 77,
    "faith": 67,
    "paranoia": 41
  },
  "skills": {
    "terraforming": 0.22522024857732897,
    "hydroponics": 0.263339242099164,
    "mediation": 0.2458224734139267,
    "coding": 0.1258971931657737,
    "prayer": 0.29842504224055366,
    "sabotage": 0.14696109934889284
  },
  "cause_of_death": null,
  "year_died": null
}