{
  "id": "child-23",
  "name": "Slate Gorge",
  "element": "water",
  "alive": true,
  "stats": {
    "resolve": 44,
    "improvisation": 54,
    "empathy": 78,
    "hoarding": 40,
    "faith": 37,
    "paranoia": 24
  },
  "skills": {
    "terraforming": 0.042986752672525795,
    "hydroponics": 0.07129608160374126,
    "mediation": 0.11159692015764358,
    "coding": 0.09393100385181093,
    "prayer": 0.07429826740949821,
    "sabotage": 0.08690299316083136
  },
  "cause_of_death": null,
  "year_died": null
}