{
  "id": "child-14",
  "name": "Cedar Bluff",
  "element": "earth",
  "alive": true,
  "stats": {
    "resolve": 61,
    "improvisation": 71,
    "empathy": 28,
    "hoarding": 99,
    "faith": 0,
    "paranoia": 32
  },
  "skills": {
    "terraforming": 0.6227040706631156,
    "hydroponics": 0.6563265698849945,
    "mediation": 0.5045482620320693,
    "coding": 0.48125808557045036,
    "prayer": 0.7946541718369803,
    "sabotage": 0.46927250936272014
  },
  "cause_of_death": null,
  "year_died": null
}