{
  "id": "child-19",
  "name": "Opal Creek",
  "element": "water",
  "alive": true,
  "stats": {
    "resolve": 35,
    "improvisation": 68,
    "empathy": 62,
    "hoarding": 50,
    "faith": 69,
    "paranoia": 34
  },
  "skills": {
    "terraforming": 0.2216992439224103,
    "hydroponics": 0.35492556446646917,
    "mediation": 0.3477355944156621,
    "coding": 0.2668912429748856,
    "prayer": 0.33576932281309196,
    "sabotage": 0.13694252432938528
  },
  "cause_of_death": null,
  "year_died": null
}