{
  "id": "child-11",
  "name": "Willow Rift",
  "element": "air",
  "alive": false,
  "stats": {
    "resolve": 39,
    "improvisation": 76,
    "empathy": 24,
    "hoarding": 17,
    "faith": 44,
    "paranoia": 36
  },
  "skills": {
    "terraforming": 0.1585603520647998,
    "hydroponics": 0.125618430209565,
    "mediation": 0.20145020197885494,
    "coding": 0.06396554006824091,
    "prayer": 0.39978517642715516,
    "sabotage": 0.09540280861688863
  },
  "cause_of_death": null,
  "year_died": 36
}