{
  "id": "child-14",
  "name": "Cedar Bluff",
  "element": "water",
  "archetype": "child",
  "stats": {
    "resolve": 0.4904841270818951,
    "improvisation": 0.5045147616948863,
    "empathy": 0.5938003262873817,
    "hoarding": 0.4125498937546726,
    "faith": 0.27164151868445996,
    "paranoia": 0.37329948592316575
  },
  "skills": {
    "terraforming": 0.042837164214836077,
    "hydroponics": 0.02533348064522081,
    "mediation": 0.07287757085403888,
    "coding": 0.05023854659239478,
    "prayer": 0.052072095393457474,
    "sabotage": 0.029973867041491676
  },
  "decision_expr": "(+ (* improvisation coding) (/ terraforming 2))",
  "alive": false,
  "exiled": false,
  "birth_year": 19,
  "subsim_count": 0,
  "governance_votes": 0,
  "memories": [
    {
      "year": 20,
      "event": "New hydroponics technique doubles crop yield per unit water.",
      "valence": 0.005165548849321889
    },
    {
      "year": 21,
      "event": "New hydroponics technique doubles crop yield per unit water.",
      "valence": 0.044410335647584134
    },
    {
      "year": 22,
      "event": "Double shadow: Phobos and Deimos transit simultaneously.",
      "valence": 0.02402332324163474
    }
  ],
  "wallet": {
    "holdings": {
      "food": 0.0,
      "water": 0.0,
      "power": 0.0,
      "air": 0.0,
      "medicine": 0.0
    },
    "total_earned": 0.011481,
    "total_traded": 0.0,
    "total_taxed": 0.008483
  },
  "death_year": 22,
  "death_cause": "equipment malfunction"
}