{
  "id": "dax-iron",
  "name": "Dax Iron",
  "element": "fire",
  "alive": false,
  "stats": {
    "resolve": 92,
    "improvisation": 4,
    "empathy": 58,
    "hoarding": 40,
    "faith": 0,
    "paranoia": 75
  },
  "skills": {
    "terraforming": 0.6806554166134197,
    "hydroponics": 0.6748822839567845,
    "mediation": 0.689817534317233,
    "coding": 0.7211514244004635,
    "prayer": 0.8252839079049741,
    "sabotage": 0.746260040897077
  },
  "cause_of_death": null,
  "year_died": 68
}