{
  "id": "grove-ash",
  "name": "Grove Ash",
  "element": "earth",
  "alive": false,
  "stats": {
    "resolve": 40,
    "improvisation": 37,
    "empathy": 39,
    "hoarding": 97,
    "faith": 54,
    "paranoia": 28
  },
  "skills": {
    "terraforming": 0.7652407372422327,
    "hydroponics": 0.9518323029196006,
    "mediation": 0.7765842984420686,
    "coding": 0.7972713147585494,
    "prayer": 1.0,
    "sabotage": 0.8216227605787856
  },
  "cause_of_death": null,
  "year_died": 84
}