{
  "id": "irocla-y99",
  "name": "Ember Mar-III",
  "element": "air",
  "archetype": "artisan",
  "stats": {
    "resolve": 0.4280041053216183,
    "improvisation": 0.7354471917001724,
    "empathy": 0.5771673766630966,
    "hoarding": 0.5807534761387658,
    "faith": 0.5907825528829475,
    "paranoia": 0.5700920245932304
  },
  "skills": {
    "terraforming": 0.0761356817270729,
    "hydroponics": 0.08493801609297584,
    "mediation": 0.15284399824653108,
    "coding": 0.10770601907926886,
    "prayer": 0.1221199229291121,
    "sabotage": 0.09506323429689384
  },
  "decision_expr": "(if (> faith 0.5) (* faith improvisation) (- improvisation paranoia))",
  "alive": true,
  "exiled": false,
  "subsim_count": 0,
  "governance_votes": 0,
  "memories": [
    {
      "year": 100,
      "event": "Accusations of resource hoarding fracture the colony trust.",
      "valence": -0.6198668791518658
    },
    {
      "year": 100,
      "event": "Video letters from family arrive after 22-minute delay.",
      "valence": 0.04179449014671578
    },
    {
      "year": 100,
      "event": "Cryovolcanic eruption 200km north \u2014 ground tremors felt.",
      "valence": -0.38273593835232456
    }
  ],
  "birth_year": 99,
  "generation": 3,
  "parent_ids": [
    "fendax-y20",
    "fensto-y84"
  ]
}