{
  "id": "ora-flame",
  "name": "Ora Flame",
  "element": "fire",
  "alive": true,
  "stats": {
    "resolve": 95,
    "improvisation": 37,
    "empathy": 70,
    "hoarding": 61,
    "faith": 73,
    "paranoia": 72
  },
  "skills": {
    "terraforming": 0.7834647853613286,
    "hydroponics": 0.7951352922038243,
    "mediation": 0.8398755543068833,
    "coding": 0.7973887568519594,
    "prayer": 1.0,
    "sabotage": 0.7864782273757731
  },
  "cause_of_death": null,
  "year_died": null
}