{
  "id": "pax-stone",
  "name": "Pax Stone",
  "element": "earth",
  "alive": false,
  "stats": {
    "resolve": 83,
    "improvisation": 36,
    "empathy": 62,
    "hoarding": 33,
    "faith": 51,
    "paranoia": 45
  },
  "skills": {
    "terraforming": 0.3838968583852061,
    "hydroponics": 0.36940759166951076,
    "mediation": 0.8133126779020657,
    "coding": 0.47639774587107453,
    "prayer": 0.4949403835543075,
    "sabotage": 0.28738039182198133
  },
  "cause_of_death": null,
  "year_died": 22
}