{
  "id": "rust-vega",
  "name": "Rust Vega",
  "element": "earth",
  "alive": true,
  "stats": {
    "resolve": 30,
    "improvisation": 76,
    "empathy": 28,
    "hoarding": 77,
    "faith": 11,
    "paranoia": 54
  },
  "skills": {
    "terraforming": 0.980083338424447,
    "hydroponics": 0.7648301610330255,
    "mediation": 0.7867763330437765,
    "coding": 0.8601435429618854,
    "prayer": 1.0,
    "sabotage": 0.8299193821493939
  },
  "cause_of_death": null,
  "year_died": null
}