{
  "id": "zeph-wind",
  "name": "Zeph Wind",
  "element": "air",
  "alive": false,
  "stats": {
    "resolve": 48,
    "improvisation": 100,
    "empathy": 53,
    "hoarding": 98,
    "faith": 62,
    "paranoia": 64
  },
  "skills": {
    "terraforming": 0.7776978728838602,
    "hydroponics": 0.8123725963676639,
    "mediation": 0.8746875130456186,
    "coding": 0.7843639645457605,
    "prayer": 0.9526373819606913,
    "sabotage": 0.8733296959089107
  },
  "cause_of_death": null,
  "year_died": 92
}